ID	Sequence	Leader	Core
Bac_001	MNSVKELNVKEMKQLHGGVNYGNGVSCSKTKCSVNWGQAFQERYTAGINSFVSGVASGAGSIGRRP	MNSVKELNVKEMKQLHGG	VNYGNGVSCSKTKCSVNWGQAFQERYTAGINSFVSGVASGAGSIGRRP
Bac_002	MISMISSHQKTLTDKELALISGGKTYYGTNGVHCTKKSLWGKVRLKNVIPGTLCRKQSLPIKQDLKILLGWATGAFGKTFH	MISMISSHQKTLTDKELALISGG	KTYYGTNGVHCTKKSLWGKVRLKNVIPGTLCRKQSLPIKQDLKILLGWATGAFGKTFH
Bac_003	MTRSKKLNLREMKNVVGGTYYGNGVSCNKKGCSVDWGKAISIIGNNSAANLATGGAAGWKS	MTRSKKLNLREMKNVVGG	TYYGNGVSCNKKGCSVDWGKAISIIGNNSAANLATGGAAGWKS
Bac_008	MNTIEKFENIKLFSLKKIIGGKTVNYGNGLYCNQKKCWVNWSETATTIVNNSIMNGLTGGNAGWHSGGRA	MNTIEKFENIKLFSLKKIIGG	KTVNYGNGLYCNQKKCWVNWSETATTIVNNSIMNGLTGGNAGWHSGGRA
Bac_011	MKSVKELNKKEMQQINGGAISYGNGVYCNKEKCWVNKAENKQAITGIVIGGWASSLAGMGH	MKSVKELNKKEMQQINGG	AISYGNGVYCNKEKCWVNKAENKQAITGIVIGGWASSLAGMGH
Bac_013	MMKNMKSAEIYHQLDNNALEQVIGGKNYGNGVHCTKKGCSVDWGYAWTNIVNNSVMNGLTGGNAGWHN	MMKNMKSAEIYHQLDNNALEQVIGG	KNYGNGVHCTKKGCSVDWGYAWTNIVNNSVMNGLTGGNAGWHN
Bac_016	MNNVKELSMTELQTITGGARSYGNGVYCNNKKCWVNRGEATQSIIGGMISGWASGLAGM	MNNVKELSMTELQTITGG	ARSYGNGVYCNNKKCWVNRGEATQSIIGGMISGWASGLAGM
Bac_017	MKNLKEGSYTAVNTDELKSINGGTKYYGNGVYCNSKKCWVDWGQASGCIGQTVVGGWLGGAIPGKC	MKNLKEGSYTAVNTDELKSINGG	TKYYGNGVYCNSKKCWVDWGQASGCIGQTVVGGWLGGAIPGKC
Bac_018	MKHLKILSIKETQLIYGGTTHSGKYYGNGVYCTKNKCTVDWAKATTCIAGMSIGGFLGGAIPGKC	MKHLKILSIKETQLIYGG	TTHSGKYYGNGVYCTKNKCTVDWAKATTCIAGMSIGGFLGGAIPGKC
Bac_020	MKKLTSKEMAQVVGGKYYGNGVSCNKKGCSVDWGKAIGIIGNNSAANLATGGAAGWKS	MKKLTSKEMAQVVGG	KYYGNGVSCNKKGCSVDWGKAIGIIGNNSAANLATGGAAGWKS
Bac_022	MEKLTVKEMSQVVGGKYYGNGVSCNKKGCSVDWGKAIGIIGNNAAANLTTGGKAGWKG	MEKLTVKEMSQVVGG	KYYGNGVSCNKKGCSVDWGKAIGIIGNNAAANLTTGGKAGWKG
Bac_025	MMNMKPTESYEQLDNSALEQVVGGKYYGNGVHCTKSGCSVNWGEAFSAGVHRLANGGNGFW	MMNMKPTESYEQLDNSALEQVVGG	KYYGNGVHCTKSGCSVNWGEAFSAGVHRLANGGNGFW
Bac_026	MNNMKSADNYQQLDNNALEQVVGGKYYGNGVHCTKSGCSVNWGEAFSAGVHRLANGGNGFW	MNNMKSADNYQQLDNNALEQVVGG	KYYGNGVHCTKSGCSVNWGEAFSAGVHRLANGGNGFW
Bac_028	MTNMKSVEAYQQLDNQNLKKVVGGKYYGNGVHCTKSGCSVNWGEAASAGIHRLANGGNGFW	MTNMKSVEAYQQLDNQNLKKVVGG	KYYGNGVHCTKSGCSVNWGEAASAGIHRLANGGNGFW
Bac_031	MKTVKELSVKEMQLTTGGKYYGNGVSCNKNGCTVDWSKAIGIIGNNAAANLTTGGAAGWNKG	MKTVKELSVKEMQLTTGG	KYYGNGVSCNKNGCTVDWSKAIGIIGNNAAANLTTGGAAGWNKG
Bac_032	MMKKIEKLTEKEMANIIGGKYYGNGVTCGKHSCSVNWGQAFSCSVSHLANFGHGKC	MMKKIEKLTEKEMANIIGG	KYYGNGVTCGKHSCSVNWGQAFSCSVSHLANFGHGKC
Bac_034	MEKFIELSLKEVTAITGGKYYGNGVHCGKHSCTVDWGTAIGNIGNNAAANWATGGNAGWNK	MEKFIELSLKEVTAITGG	KYYGNGVHCGKHSCTVDWGTAIGNIGNNAAANWATGGNAGWNK
Bac_035	MKNTRSLTIQEIKSITGGKYYGNGVSCNSHGCSVNWGQAWTCGVNHLANGGHGGVC	MKNTRSLTIQEIKSITGG	KYYGNGVSCNSHGCSVNWGQAWTCGVNHLANGGHGGVC
Bac_037	MNNYSAINELELKSVKGGKITHYANGVSCSTKTGTCSVNWNQAASGIGKIIVNGWAQHGPLSH	MNNYSAINELELKSVKGG	KITHYANGVSCSTKTGTCSVNWNQAASGIGKIIVNGWAQHGPLSH
Bac_040	MEAIKKLDLQAMKGIVGGKYYGNGLSCNKSGCSVDWSKAISIIGNNAVANLTTGGAAGWKS	MEAIKKLDLQAMKGIVGG	KYYGNGLSCNKSGCSVDWSKAISIIGNNAVANLTTGGAAGWKS
Bac_042	MTEIKVLNDKELKNVVGGKYYGNGVHCGKKTCYVDWGQATASIGKIIVNGWTQHGPWAHR	MTEIKVLNDKELKNVVGG	KYYGNGVHCGKKTCYVDWGQATASIGKIIVNGWTQHGPWAHR
Bac_043	MKNVKELSVKEMQLIKGGKYYGNGLSCNKKGCTVDWGTAIGIIGNNAAANWATGGAAGWNKG	MKNVKELSVKEMQLIKGG	KYYGNGLSCNKKGCTVDWGTAIGIIGNNAAANWATGGAAGWNKG
Bac_044	MMKKIEKLTEKEMANIIGGKYYGNGVTCGKHSCSVDWGKATTCIINNGAMAWATGGHQGTHKC	MMKKIEKLTEKEMANIIGG	KYYGNGVTCGKHSCSVDWGKATTCIINNGAMAWATGGHQGTHKC
Bac_045	MMNMKPTESYEQLDNSALEQVIGGKNYGNGVHCTKKGCSVDWGYAWTNIANNSVMNGLTGGNAGWHN	MMNMKPTESYEQLDNSALEQVIGG	KNYGNGVHCTKKGCSVDWGYAWTNIANNSVMNGLTGGNAGWHN
Bac_048	MKKIEKLTEKEMANIIGGVIADKYYGNGVSCGKHTCTVDWGEAFSCSVSHLANFGHGKC	MKKIEKLTEKEMANIIGG	VIADKYYGNGVSCGKHTCTVDWGEAFSCSVSHLANFGHGKC
Bac_083	MKNLDKRFTIMTEDNLASVNGGKNGYGGSGNRWVHCGAGIVGGALIGAIGGPWSAVAGGISGGFTSCR	MKNLDKRFTIMTEDNLASVNGG	KNGYGGSGNRWVHCGAGIVGGALIGAIGGPWSAVAGGISGGFTSCR
Bac_084	MSKGEVLNEDELTAVVGGSKGKGRNNWAGNTIGIVSSAATGAALGSAICGPGCGFVGAHWGAVGWTAVASFSGAFGKIRK	MSKGEVLNEDELTAVVGG	SKGKGRNNWAGNTIGIVSSAATGAALGSAICGPGCGFVGAHWGAVGWTAVASFSGAFGKIRK
Bac_085	MKQLNSEQLQNIIGGNRWTNAYSAALGCAVPGVKYGKKLGGVWGAVIGGVGGAAVCGLAGYVRKG	MKQLNSEQLQNIIGG	NRWTNAYSAALGCAVPGVKYGKKLGGVWGAVIGGVGGAAVCGLAGYVRKG
Bac_086	MIEKVSKNELSRIYGGNNVNWGSVAGSCGKGAVMEIYFGNPILGCANGAATSLVLQTASGIYKNYQKKR	MIEKVSKNELSRIYGG	NNVNWGSVAGSCGKGAVMEIYFGNPILGCANGAATSLVLQTASGIYKNYQKKR
Bac_087	MALKTLEKHELRNVMGGNKWGNAVIGAATGATRGVSWCRGFGPWGMTACALGGAAIGGYLGYKSN	MALKTLEKHELRNVMGG	NKWGNAVIGAATGATRGVSWCRGFGPWGMTACALGGAAIGGYLGYKSN
Bac_088	MEKFAVLSLSDLVDIQGGKKKKKYTGPNYRCMVKSGGGLVSGAIGGSPFGVGGIVGGGMAGLVGGAISCLNNK	MEKFAVLSLSDLVDIQGG	KKKKKYTGPNYRCMVKSGGGLVSGAIGGSPFGVGGIVGGGMAGLVGGAISCLNNK
Bac_089	MYKELTVDELALIDGGKKKKKKVACTWGNAATAAASGAVKGILGGPTGALAGAIWGVSQCASNNLHGMH	MYKELTVDELALIDGG	KKKKKKVACTWGNAATAAASGAVKGILGGPTGALAGAIWGVSQCASNNLHGMH
Bac_090	MKSVKELNVKEMQQTIGGWGWKEVVQNGQTIFSAGQKLGNMVGKIVPLPFG	MKSVKELNVKEMQQTIGG	WGWKEVVQNGQTIFSAGQKLGNMVGKIVPLPFG
Bac_091	MNKEFKSLNEVEMKKINGGSAILAITLGIFATGYGMGVQKAINDRRKK	MNKEFKSLNEVEMKKINGG	SAILAITLGIFATGYGMGVQKAINDRRKK
Bac_092	MQNVKEVSVKEMKQIIGGSNDSLWYGVGQFMGKQANCITNHPVKHMIIPGYCLSKILG	MQNVKEVSVKEMKQIIGG	SNDSLWYGVGQFMGKQANCITNHPVKHMIIPGYCLSKILG
Bac_094	MKQYKVLNEKEMKKTIGGESVFSKIGNAVGPAAYWILKGLGNMSDVNQADRINRKKH	MKQYKVLNEKEMKKTIGG	ESVFSKIGNAVGPAAYWILKGLGNMSDVNQADRINRKKH
Bac_095	MKNIKNASNIKVIEDNELKAITGGGPGKWLPWLQPAYDFVTGLAKGIGKEGNKNKWKNV	MKNIKNASNIKVIEDNELKAITGG	GPGKWLPWLQPAYDFVTGLAKGIGKEGNKNKWKNV
Bac_098	MKVLNECQLQTVVGGKNWSVAKCGGTIGTNIAIGAWRGARAGSFFGQPVSVGAGALIGASAGAIGGSVQCVGWLAGGGR	MKVLNECQLQTVVGG	KNWSVAKCGGTIGTNIAIGAWRGARAGSFFGQPVSVGAGALIGASAGAIGGSVQCVGWLAGGGR
Bac_100	MKNFNTLSFETLANIVGGRNNWAANIGGVGGATVAGWALGNAVCGPACGFVGAHYVPIAWAGVTAATGGFGKIRK	MKNFNTLSFETLANIVGG	RNNWAANIGGVGGATVAGWALGNAVCGPACGFVGAHYVPIAWAGVTAATGGFGKIRK
Bac_102	MKNVQSLSKEELVLVVGGYTAKQCLQAIGSWGIAGTGAGAAGGPAGAFVGAHVGVIAGSAVCIGGFLGQ	MKNVQSLSKEELVLVVGG	YTAKQCLQAIGSWGIAGTGAGAAGGPAGAFVGAHVGVIAGSAVCIGGFLGQ
Bac_103	MKTANIKLLTNQEMIEIFGGKTNWGSVVGSCVAGGLVGALGGTPISIGAGCLVGAGQDWISQK	MKTANIKLLTNQEMIEIFGG	KTNWGSVVGSCVAGGLVGALGGTPISIGAGCLVGAGQDWISQK
Bac_104	MDTQAFEQFDVMDSQTLSTVEGGKVSGGEAVAAIGICATASAAIGGLAGATLVTPYCVGTWGLIRSH	MDTQAFEQFDVMDSQTLSTVEGG	KVSGGEAVAAIGICATASAAIGGLAGATLVTPYCVGTWGLIRSH
Bac_106	MKELSEKELRECVGGGTWDDIGQGIGRVAYWVGKAMGNMSDVNQASRINRKKKH	MKELSEKELRECVGG	GTWDDIGQGIGRVAYWVGKAMGNMSDVNQASRINRKKKH
Bac_108	MKELSEKELRECVGGSIWGDIGQGVGKAAYWVGKAMGNMSDVNQASRINRKKKH	MKELSEKELRECVGG	SIWGDIGQGVGKAAYWVGKAMGNMSDVNQASRINRKKKH
Bac_109	MKNNNNNFFKDMEIIEDQELVSITGGKKWGWLAWVEPAGEFLKGFGKGAIKEGNKDKWKNI	MKNNNNNFFKDMEIIEDQELVSITGG	KKWGWLAWVEPAGEFLKGFGKGAIKEGNKDKWKNI
Bac_110	MESNKLEKFANISNKDLNKITGGGFWGGLGYIAGRVGAAYGHAQASANNHHSPING	MESNKLEKFANISNKDLNKITGG	GFWGGLGYIAGRVGAAYGHAQASANNHHSPING
Bac_111	MDNLNKFKKLSDNKLQATIGGGMSGYIQGIPDFLKGYLHGISAANKHKKGRLGY	MDNLNKFKKLSDNKLQATIGG	GMSGYIQGIPDFLKGYLHGISAANKHKKGRLGY
Bac_112	MDKFEKISTSNLEKISGGDLTTKLWSSWGYYLGKKARWNLKHPYVQF	MDKFEKISTSNLEKISGG	DLTTKLWSSWGYYLGKKARWNLKHPYVQF
Bac_113	MNNLNKFSTLGKSSLSQIEGGSVPTSVYTLGIKILWSAYKHRKTIEKSFNKGFYH	MNNLNKFSTLGKSSLSQIEGG	SVPTSVYTLGIKILWSAYKHRKTIEKSFNKGFYH
Bac_116	MNNALSFEQQFTDFSTLSDSELESVEGGRNKLAYNMGHYAGKATIFGLAAWALLA	MNNALSFEQQFTDFSTLSDSELESVEGG	RNKLAYNMGHYAGKATIFGLAAWALLA
Bac_117	MDKIIKFQGISDDQLNAVIGGKKKKQSWYAAAGDAIVSFGEGFLNAW	MDKIIKFQGISDDQLNAVIGG	KKKKQSWYAAAGDAIVSFGEGFLNAW
Bac_118	MLQFEKLQYSRLPQKKLAKISGGFNRGGFNRGGYNFGKSVRHVVDAIGSVAGIRGILKSIR	MLQFEKLQYSRLPQKKLAKISGG	FNRGGFNRGGYNFGKSVRHVVDAIGSVAGIRGILKSIR
Bac_120	MTVNKMIKDLDVVDAFAPISNNKLNGVVGGGAWKNFWSSLRKGFYDGEAGRAIRR	MTVNKMIKDLDVVDAFAPISNNKLNGVVGG	GAWKNFWSSLRKGFYDGEAGRAIRR
Bac_121	MKIKLTVLNEFEELTADAEKNISGGRRSRKNGIGYAIGYAFGAVERAVLGGSRDYNK	MKIKLTVLNEFEELTADAEKNISGG	RRSRKNGIGYAIGYAFGAVERAVLGGSRDYNK
Bac_122	MENIKTEFITLSEQEMLNINGGVIPLAVWAIWGAAAGAGFAGGIAVGINKVNRGG	MENIKTEFITLSEQEMLNINGG	VIPLAVWAIWGAAAGAGFAGGIAVGINKVNRGG
Bac_123	MNNIKYENLNDYELEQINGGIAPVLIGVGIVGSLTCGFALGYGLARAFG	MNNIKYENLNDYELEQINGG	IAPVLIGVGIVGSLTCGFALGYGLARAFG
Bac_126	MNTITICKFDVLDAELLSTVEGGYSGKDCLKDMGGYALAGAGSGALWGAPAGGVGALPGAFVGAHVGAIAGGFACMGGMIGNKFN	MNTITICKFDVLDAELLSTVEGG	YSGKDCLKDMGGYALAGAGSGALWGAPAGGVGALPGAFVGAHVGAIAGGFACMGGMIGNKFN
Bac_127	MKQYNGFEVLHELDLANVTGGQINWGSVVGHCIGGAIIGGAFSGGAAAGVGCLVGSGKAIINGL	MKQYNGFEVLHELDLANVTGG	QINWGSVVGHCIGGAIIGGAFSGGAAAGVGCLVGSGKAIINGL
Bac_128	MKQFNYLSHKDLAVVVGGRNNWQTNVGGAVGSAMIGATVGGTICGPACAVAGAHYLPILWTAVTAATGGFGKIRK	MKQFNYLSHKDLAVVVGG	RNNWQTNVGGAVGSAMIGATVGGTICGPACAVAGAHYLPILWTAVTAATGGFGKIRK
Bac_129	MKLNDKELSKIVGGNRWGDTVLSAASGAGTGIKACKSFGPWGMAICGVGGAAIGGYFGYTHN	MKLNDKELSKIVGG	NRWGDTVLSAASGAGTGIKACKSFGPWGMAICGVGGAAIGGYFGYTHN
Bac_130	MHKVKKLNNQELQQIVGGYSSKDCLKDIGKGIGAGTVAGAAGGGLAAGLGAIPGAFVGAHFGVIGGSAACIGGLLGN	MHKVKKLNNQELQQIVGG	YSSKDCLKDIGKGIGAGTVAGAAGGGLAAGLGAIPGAFVGAHFGVIGGSAACIGGLLGN
Bac_131	MKKELLNKNEMSRIIGGKINWGNVGGSCVGGAVIGGALGGLGGAGGGCITGAIGSIWDQW	MKKELLNKNEMSRIIGG	KINWGNVGGSCVGGAVIGGALGGLGGAGGGCITGAIGSIWDQW
Bac_135	MTTMKELTINDMASISGGNAPGDAVIGGLGGLASGLKFCKLPHPVLAGGCVVGFTVGGAYLGYTAN	MTTMKELTINDMASISGG	NAPGDAVIGGLGGLASGLKFCKLPHPVLAGGCVVGFTVGGAYLGYTAN
Bac_137	MNTYCNINETMLSEVYGGNSGGAAVVAALGCAAGGVKYGRLLGPWGAAIGGIGGAVVCGYLAYTATS	MNTYCNINETMLSEVYGG	NSGGAAVVAALGCAAGGVKYGRLLGPWGAAIGGIGGAVVCGYLAYTATS
Bac_138	MNTKMMEQFHEMDIAMLSSIEGGKNNWQTNVFEGGSAAFGGWGLGTAICAASGVGAPFMGACGYIGAKFGVALWAGVTGATGGF	MNTKMMEQFHEMDIAMLSSIEGG	KNNWQTNVFEGGSAAFGGWGLGTAICAASGVGAPFMGACGYIGAKFGVALWAGVTGATGGF
Bac_143	MKKEILNQEEMLKVIGGKINWGSVGGSCVGGAVIGGALGGLGGAGGGCLTGAIGSIWDQW	MKKEILNQEEMLKVIGG	KINWGSVGGSCVGGAVIGGALGGLGGAGGGCLTGAIGSIWDQW
Bac_226	MKNQLMSFEVISEKELSTVQGGKGLGKLIGIDWLLGQAKDAVKQYKKDYKRWH	MKNQLMSFEVISEKELSTVQGG	KGLGKLIGIDWLLGQAKDAVKQYKKDYKRWH
Bac_227	MNKEYNSISNFKKITNKDLQNINGGFIGSAIGDFVYFGAKGLRESGKLLNYYYKHKH	MNKEYNSISNFKKITNKDLQNINGG	FIGSAIGDFVYFGAKGLRESGKLLNYYYKHKH
Bac_229	MKESENFMLNLKGEVVNELSDVQLSEISGGGSGYCKPVMVGANGYACRYSNGRWDYKVTKGIFQATTDVIVKGWAEYGPWIPRH	MKESENFMLNLKGEVVNELSDVQLSEISGG	GSGYCKPVMVGANGYACRYSNGRWDYKVTKGIFQATTDVIVKGWAEYGPWIPRH
Bac_234	MENNNYTVLSDEELQKIDGGEYHLMNGANGYLTRVNGKYVYRVTKDPVSAVFGVISNGWGSAGAGFGPQH	MENNNYTVLSDEELQKIDGG	EYHLMNGANGYLTRVNGKYVYRVTKDPVSAVFGVISNGWGSAGAGFGPQH
Bac_237	MENNNYTVLSDEELQKIDGGIGGALGNALNGLGTWANMMNGGGFVNQWQVYANKGKINQYRPY	MENNNYTVLSDEELQKIDGG	IGGALGNALNGLGTWANMMNGGGFVNQWQVYANKGKINQYRPY
Bac_238	MDNKSYVELSNEELQKINGGIGGALGNALAGLGNGLKQWNTTGFSEYNIGGGKVNNGKAPTSIPAYNPYGH	MDNKSYVELSNEELQKINGG	IGGALGNALAGLGNGLKQWNTTGFSEYNIGGGKVNNGKAPTSIPAYNPYGH
Bac_239	MELNKKYKALTNEEARTVIGGHWIGDVLGAIGGAAHPVNPQKVVDQLNGKPAIKPHSCSPYGTGGTPNSCNW	MELNKKYKALTNEEARTVIGG	HWIGDVLGAIGGAAHPVNPQKVVDQLNGKPAIKPHSCSPYGTGGTPNSCNW
Bac_243	MKNQLNFNIVSDEELSEANGGKLTFIQSTAAGDLYYNTNTHKYVYQQTQNAFGAAANTIVNGWMGGAAGGFGLHH	MKNQLNFNIVSDEELSEANGG	KLTFIQSTAAGDLYYNTNTHKYVYQQTQNAFGAAANTIVNGWMGGAAGGFGLHH
Bac_245	MKNNSKNLNLFQSLDDEQLGKITGGALQFIQNTASGALYYNTKTHKYQYQQTSGAMGAAINVFNQQGINW	MKNNSKNLNLFQSLDDEQLGKITGG	ALQFIQNTASGALYYNTKTHKYQYQQTSGAMGAAINVFNQQGINW
Bac_246	MQDKTNFKILSDSELSTISGGKGVLGWLSMASSALTGPQQPNSPWLAKIKNHK	MQDKTNFKILSDSELSTISGG	KGVLGWLSMASSALTGPQQPNSPWLAKIKNHK
Bac_247	MQNVKELSTKEMKQIIGGENDHRMPNELNRPNNLSKGGAKCGAAIAGGLFGIPKGPLAWAAGLANVYSKCN	MQNVKELSTKEMKQIIGG	ENDHRMPNELNRPNNLSKGGAKCGAAIAGGLFGIPKGPLAWAAGLANVYSKCN
Bac_248	MQTIKELNTMELQKIIGGENDHRMPYELNRPNNLSKGGAKCAAGILGAGLGAVGGGPGGFISAGISAVLGCM	MQTIKELNTMELQKIIGG	ENDHRMPYELNRPNNLSKGGAKCAAGILGAGLGAVGGGPGGFISAGISAVLGCM
Bac_250	MNNVKELSIKEMQQVTGGDQMSDGVNYGKGSSLSKGGAKCGLGIVGGLATIPSGPLGWLAGAAGVINSCMK	MNNVKELSIKEMQQVTGG	DQMSDGVNYGKGSSLSKGGAKCGLGIVGGLATIPSGPLGWLAGAAGVINSCMK
Bac_253	MFFNFMKKVDVKKNFGYKEVSRKDLAKVNGGKRKKHRCRVYNNGMPTGMYRWC	MFFNFMKKVDVKKNFGYKEVSRKDLAKVNGG	KRKKHRCRVYNNGMPTGMYRWC
Bac_254	MKIQIKGMKQLSNKEMQKIVGGKSSAYSLQMGATAIKQVKKLFKKWGW	MKIQIKGMKQLSNKEMQKIVGG	KSSAYSLQMGATAIKQVKKLFKKWGW
Bac_255	MIKREKNRTISSLGYEEISNHKLQEIQGGKGILGKLGVVQAGVDFVSGVWAGIKQSAKDHPNA	MIKREKNRTISSLGYEEISNHKLQEIQGG	KGILGKLGVVQAGVDFVSGVWAGIKQSAKDHPNA
Bac_256	MISSHQKTLTDKELALISGGKTHYPTNAWKSLWKGFWESLRYTDGF	MISSHQKTLTDKELALISGG	KTHYPTNAWKSLWKGFWESLRYTDGF
Bac_257	MKTKSSKQFTELTVKDLSAVIGGAKGVCKYVYPGSNGYACRYPNGEWGYIVTKSNFEATKDVIVNGWVSSLGGGYFHGNRG	MKTKSSKQFTELTVKDLSAVIGG	AKGVCKYVYPGSNGYACRYPNGEWGYIVTKSNFEATKDVIVNGWVSSLGGGYFHGNRG
Bac_261	MKKFKELKENELTAITGGSFVGYYLGRFLASATHYYGKTVTKGHMHSSTINN	MKKFKELKENELTAITGG	SFVGYYLGRFLASATHYYGKTVTKGHMHSSTINN
Bac_263	MSLVKENKTLVDELIAQITFGGKTKQQFLIKAQTQLFKVFGYTL	MSLVKENKTLVDELIAQITFGG	KTKQQFLIKAQTQLFKVFGYTL
Bac_264	MEEIIMNKFKELSNLKLKKVSGGSFVGTTIGKIIGHSITHYGNMVSQQHLHKSPING	MEEIIMNKFKELSNLKLKKVSGG	SFVGTTIGKIIGHSITHYGNMVSQQHLHKSPING
Bac_265	MEKYINIESRKLSSIKGGAAKGFIGWLIGESDDIAKGIVSAMNSDNKKKHR	MEKYINIESRKLSSIKGG	AAKGFIGWLIGESDDIAKGIVSAMNSDNKKKHR
Bac_266	MLNKDMRDFKQLSDNDLQAISGGKGKGFWSWASKATSWLTGPQQPGSPLLKKHR	MLNKDMRDFKQLSDNDLQAISGG	KGKGFWSWASKATSWLTGPQQPGSPLLKKHR
Bac_267	MKNINNFQALQKNELSKVNGGIWQWIVGGLGFLAGDAWSHSDQISSGIKKRKKKGYGY	MKNINNFQALQKNELSKVNGG	IWQWIVGGLGFLAGDAWSHSDQISSGIKKRKKKGYGY
Bac_269	MRKINKEELVEITGGFNAAKCAVGTAGGAFSIARGSAAFGVPGMVIGGILGGAAGALASCK	MRKINKEELVEITGG	FNAAKCAVGTAGGAFSIARGSAAFGVPGMVIGGILGGAAGALASCK
Bac_270	MENNNYTVLSDVELQKIDGGGRETLAQDIKRVYDSIWPNDTAWYTGKNNKTNIPPYSPYGH	MENNNYTVLSDVELQKIDGG	GRETLAQDIKRVYDSIWPNDTAWYTGKNNKTNIPPYSPYGH
Bac_271	MKKLNYEVLSDEELQKIDGSGTPLFYGANGYLTRENGKYVYRVTKDPVSAVFGVISNGWGSAGAGFGPQH	MKKLNYEVLSDEELQKIDGS	GTPLFYGANGYLTRENGKYVYRVTKDPVSAVFGVISNGWGSAGAGFGPQH
Bac_273	MKEQNSFNLLQEVTESELDLILGAKGGSGVIHTISHEVIYNSWNFVFTCCS	MKEQNSFNLLQEVTESELDLILGA	KGGSGVIHTISHEVIYNSWNFVFTCCS
Bac_276	MRTLTLNELDSVSGGASGRDIAMAIGTLSGQFVAGGIGAAAGGVAGGAIYDYASTHKPNPAMSPSGLGGTIKQKPEGIPSEAWNYAAGRLCNWSPNNLSDVCL	MRTLTLNELDSVSGG	ASGRDIAMAIGTLSGQFVAGGIGAAAGGVAGGAIYDYASTHKPNPAMSPSGLGGTIKQKPEGIPSEAWNYAAGRLCNWSPNNLSDVCL
Bac_277	MREITLNEMNNVSGAGDVNWVDVGKTVATNGAGVIGGAFGAGLCGPVCAGAFAVGSSAAVAALYDAAGNSNSAKQKPEGLPPEAWNYAEGRMCNWSPNNLSDVCL	MREITLNEMNNVSGA	GDVNWVDVGKTVATNGAGVIGGAFGAGLCGPVCAGAFAVGSSAAVAALYDAAGNSNSAKQKPEGLPPEAWNYAEGRMCNWSPNNLSDVCL
Bac_278	MREITESQLRYISGAGGAPATSANAAGAAAIVGALAGIPGGPLGVVVGAVSAGLTTAIGSTVGSGSASSSAGGGS	MREITESQLRYISGA	GGAPATSANAAGAAAIVGALAGIPGGPLGVVVGAVSAGLTTAIGSTVGSGSASSSAGGGS
Bac_279	MTNRKILPKEELKKIKGGTPGGIDFISGGPHVAQDVLNAIKNFFK	MTNRKILPKEELKKIKGG	TPGGIDFISGGPHVAQDVLNAIKNFFK
Bac_280	MELLNEKELAHVIGGKRKCPKTPFDNTPGAWFAHLILGC	MELLNEKELAHVIGG	KRKCPKTPFDNTPGAWFAHLILGC
Bac_281	MKQFDEQKMVNMSDEELLGFIGGDSIRDVSPTFNKIRRWFDGLFK	MKQFDEQKMVNMSDEELLGFIGG	DSIRDVSPTFNKIRRWFDGLFK
Bac_282	MRELDREELNCVGGAGDPLADPNSQIVRQIMSNAAWGAAFGARGGLGGMAVGAAGGVTQTVLQGAAAHMPVNVPIPKVPMGPSWNGSKG	MRELDREELNCVGGA	GDPLADPNSQIVRQIMSNAAWGAAFGARGGLGGMAVGAAGGVTQTVLQGAAAHMPVNVPIPKVPMGPSWNGSKG
Bac_283	MSKLVKTLTVDEISKIQTNGGKPAWCWYTLAMCGAGYDSGTCDYMYSHCFGVKHSSGGGGSYHC	MSKLVKTLTVDEISKIQTNGG	KPAWCWYTLAMCGAGYDSGTCDYMYSHCFGVKHSSGGGGSYHC
Bac_285	MQNTKELSVVELQQILGGKRASFGKCVVGAAGLGAGVSGGLWGMAAGGIGGELAYMGANGCL	MQNTKELSVVELQQILGG	KRASFGKCVVGAAGLGAGVSGGLWGMAAGGIGGELAYMGANGCL
Bac_287	MANNTINNFETLDNHALEQVVGGSGWMDYINGFLKGFGGQRTLPTKDYNIPQA	MANNTINNFETLDNHALEQVVGG	SGWMDYINGFLKGFGGQRTLPTKDYNIPQA
Bac_288	MATQTIENFNTLDLETLASVEGGLSCDEGMLAVGGLGAVGGPWGAVGGVLVGAALYCF	MATQTIENFNTLDLETLASVEGG	LSCDEGMLAVGGLGAVGGPWGAVGGVLVGAALYCF
Bac_289	MKKVSNKVLSRAFGGKMFGSKTECERWEGGCRCRQVYYTFWVKSYGAWNPAADWQCN	MKKVSNKVLSRAFGG	KMFGSKTECERWEGGCRCRQVYYTFWVKSYGAWNPAADWQCN
Bac_290	MKKISNETLSQVTGGKFWGSRVECRVQANGHCMCRKVYYRFGIRSYGGWWPANPSQC	MKKISNETLSQVTGG	KFWGSRVECRVQANGHCMCRKVYYRFGIRSYGGWWPANPSQC
Bac_291	MKKLSFEEMSRISGGKFIGTKVRRGPCFEGSRYVEREFYFLWIKFHQSLQTEPC	MKKLSFEEMSRISGG	KFIGTKVRRGPCFEGSRYVEREFYFLWIKFHQSLQTEPC
Bac_292	MKKISDEKLSKFSGGKFWGKKTQCEKRSENQCWCRTVYYQFWTKSYSPWQPAEAWYCKDL	MKKISDEKLSKFSGG	KFWGKKTQCEKRSENQCWCRTVYYQFWTKSYSPWQPAEAWYCKDL
Bac_297	MNVEENIMSFDVNSYNDLTRDELSQTIGGSRQAADTFLSSGAYGAAKGVTACASTGVYVVPATLVACGVVGAGLNIAFPH	MNVEENIMSFDVNSYNDLTRDELSQTIGG	SRQAADTFLSSGAYGAAKGVTACASTGVYVVPATLVACGVVGAGLNIAFPH
Bac_298	MNTQAFEQFNVMDNEALSTVEGGGMIRCALGTAGSAGLGFVGGMGAGTVTLPVVGTVSGAALGGWSGAAVGAATFC	MNTQAFEQFNVMDNEALSTVEGG	GMIRCALGTAGSAGLGFVGGMGAGTVTLPVVGTVSGAALGGWSGAAVGAATFC
Bac_300	MKNFESLTVNELQNIYGGTNWKKIGKCYAGTLGSAVLGFGAMGPVGYWAGAGVGYASFC	MKNFESLTVNELQNIYGG	TNWKKIGKCYAGTLGSAVLGFGAMGPVGYWAGAGVGYASFC
UniRef100_A0A5R9BUP3	MVKVKELNDKELKNVVGGKYYGNGVSCNKKGCTVNWGQAWTCGVNRFANYGHGKC	MVKVKELNDKELKNVVGG	KYYGNGVSCNKKGCTVNWGQAWTCGVNRFANYGHGKC
UniRef100_A0A1E5KT44	MERATMEKMQKLDLQKMKDIVGGTYYGNGVSCNKKGCSVDWGKAISNIGNNAAANWYTGGAAGWKP	MERATMEKMQKLDLQKMKDIVGG	TYYGNGVSCNKKGCSVDWGKAISNIGNNAAANWYTGGAAGWKP
UniRef100_W7BE23	MKNMTRLDSTEMAKTIGGKYYGNGVSCNKKKCSVDWGKTIGIIGNNSAANLATGGAAGWNK	MKNMTRLDSTEMAKTIGG	KYYGNGVSCNKKKCSVDWGKTIGIIGNNSAANLATGGAAGWNK
UniRef100_UPI001A9BBA60	MQNVKELSVKELRKITGGKYYGNGLSCGKHSCSVDWGKAIGIIGNNAAANWATGGAAGWNKG	MQNVKELSVKELRKITGG	KYYGNGLSCGKHSCSVDWGKAIGIIGNNAAANWATGGAAGWNKG
UniRef100_A0A7H9BC26	MLQNAKELTNEELQAINGGVYYGNGLTCTKHGCSVDWGTAIGTIGNNSAANWLTGGAAGWHSGGIA	MLQNAKELTNEELQAINGG	VYYGNGLTCTKHGCSVDWGTAIGTIGNNSAANWLTGGAAGWHSGGIA
UniRef100_UPI000710D52D	MKEFKMLSKEELTQVNGGKYYGNGVSCGKHSCSVDWGKATTCTINNSAMAWATSGHQGNHKC	MKEFKMLSKEELTQVNGG	KYYGNGVSCGKHSCSVDWGKATTCTINNSAMAWATSGHQGNHKC
UniRef100_A0A1S8NI68	MEKFTMLTDAEMEIISGGKYYGNGVSCDDDGCTVDWGKAWNCGVNRWAAAAATGGKAGDIGNC	MEKFTMLTDAEMEIISGG	KYYGNGVSCDDDGCTVDWGKAWNCGVNRWAAAAATGGKAGDIGNC
UniRef100_UPI00047CB6F2	MEKFTELTDKEMEMVSGGTYYGNGVSCDDKKCTVDWGKAWSCGADRWGGEVASGGKAPVGNC	MEKFTELTDKEMEMVSGG	TYYGNGVSCDDKKCTVDWGKAWSCGADRWGGEVASGGKAPVGNC
UniRef100_UPI002072D2FC	MEQINLIQLKEVNGGTYYGNGVSCDKNGCTVDRSKAWYCGVNRWGAAVATGGKATIGNC	MEQINLIQLKEVNGG	TYYGNGVSCDKNGCTVDRSKAWYCGVNRWGAAVATGGKATIGNC
UniRef100_A0A1H9V5A4	MNTKTFEQFDVMTDAELAKVEGGKTIYYGNGLYCNANKCWVNWSQTATTIANNSVMNGLTGGNAGWHSGGRA	MNTKTFEQFDVMTDAELAKVEGG	KTIYYGNGLYCNANKCWVNWSQTATTIANNSVMNGLTGGNAGWHSGGRA
UniRef100_UPI001962C79D	MKNLEQFEALTSAELSNVEGGKTIYYGNGLYCNSNKCWVNWSQTATTIANNSVMNGLTGGNAGWHSGGIA	MKNLEQFEALTSAELSNVEGG	KTIYYGNGLYCNSNKCWVNWSQTATTIANNSVMNGLTGGNAGWHSGGIA
UniRef100_A0A372KM42	MTAKTLEQFETMTDRQLSAVEGGKTTYYGNGLYCNENKCWVNWSQTATTIANNSAMNLLTGGNAGWHSGGIA	MTAKTLEQFETMTDRQLSAVEGG	KTTYYGNGLYCNENKCWVNWSQTATTIANNSAMNLLTGGNAGWHSGGIA
UniRef100_A0A8A9IDD0	MNTTLMKQFEIIDADKLAHVEGGKTTYYGNGLYCNTQKCWVNWSEAVNIILNNSVMNGLTGGNAGWHSGGII	MNTTLMKQFEIIDADKLAHVEGG	KTTYYGNGLYCNTQKCWVNWSEAVNIILNNSVMNGLTGGNAGWHSGGII
UniRef100_UPI00047701A8	MNTIEQFEVLDTEMLTTVNGGKTVYYGNGLYCNETKGCWVNWAEAINIIITNSTMNGLSGGNAGWYSGGPL	MNTIEQFEVLDTEMLTTVNGG	KTVYYGNGLYCNETKGCWVNWAEAINIIITNSTMNGLSGGNAGWYSGGPL
UniRef100_UPI000733B030	MNTKAFEQFDAMTDAELSAVEGGKTIYYGNGLYCNNKKGCWVNWAETINIIANNSAMNSLTGGNAGWHSGGIA	MNTKAFEQFDAMTDAELSAVEGG	KTIYYGNGLYCNNKKGCWVNWAETINIIANNSAMNSLTGGNAGWHSGGIA
UniRef100_C5WH49	MSSCNRQNKQIQEIFNVNTKIFEKFDFMDNEKLAYIDGGAGSGKTVYQGNGLYCNKVKCWVNWAETWTTIANNSVMNVLTGGNAGWHSGGAL	MSSCNRQNKQIQEIFNVNTKIFEKFDFMDNEKLAYIDGG	AGSGKTVYQGNGLYCNKVKCWVNWAETWTTIANNSVMNVLTGGNAGWHSGGAL
UniRef100_UPI000B28577A	MATQTIENFKTLDFETLVSVEGGKVVYYGNGLYCDSNRGCWVDWSQTVNTIITNSTMNWLTGGNAGWNSGGIL	MATQTIENFKTLDFETLVSVEGG	KVVYYGNGLYCDSNRGCWVDWSQTVNTIITNSTMNWLTGGNAGWNSGGIL
UniRef100_UPI002004965D	MNTKTMEQFEIMDTEMLASKVGGKTIYYGNGLYCDNSKGCWVNWPEAINKILTNSIVNGFSGGNAGWNSGGPL	MNTKTMEQFEIMDTEMLASKVGG	KTIYYGNGLYCDNSKGCWVNWPEAINKILTNSIVNGFSGGNAGWNSGGPL
UniRef100_G5JN10	MKTQAIEKFDVMDVQELAAVEGGKTIYYGNGVYCNKTCWVDWGQTINSIATNSAMNWATQGNAGWHSGGVI	MKTQAIEKFDVMDVQELAAVEGG	KTIYYGNGVYCNKTCWVDWGQTINSIATNSAMNWATQGNAGWHSGGVI
UniRef100_A0A380JE35	MKTQAIERFEVMNSEVLSTVEGGRTIYYGNGVYCNKTCWVDWGQTINSIATNSAMNWATQGNAGWHSGGVA	MKTQAIERFEVMNSEVLSTVEGG	RTIYYGNGVYCNKTCWVDWGQTINSIATNSAMNWATQGNAGWHSGGVA
UniRef100_A0A843Z414	MNSAENYHQLDNDALGQVIGGKYYGNGVHCTKSGCSVNWGEAFSAGVHRLANGGNGFW	MNSAENYHQLDNDALGQVIGG	KYYGNGVHCTKSGCSVNWGEAFSAGVHRLANGGNGFW
UniRef100_G5JUX3	MNTPVFEQFEVMDKEALSIIEGGTYYGNGVTCTKKGCTTDWGTAITTILNNSAMNWATDGKAGWHSGGVI	MNTPVFEQFEVMDKEALSIIEGG	TYYGNGVTCTKKGCTTDWGTAITTILNNSAMNWATDGKAGWHSGGVI
UniRef100_UPI0009DD7AA0	MKNIKTLSMEELTKVKGGTYYGNGVSCTKSGCKVNWGQAWTCGVNHVSNGGHGSC	MKNIKTLSMEELTKVKGG	TYYGNGVSCTKSGCKVNWGQAWTCGVNHVSNGGHGSC
UniRef100_A0A4Q1U0B4	MLKETIAPLSDAEISKITGGSGGKYYGNGVYCTKKKCYVNWGEAINSIGNNMAANWFTGGQADWNSGIK	MLKETIAPLSDAEISKITGG	SGGKYYGNGVYCTKKKCYVNWGEAINSIGNNMAANWFTGGQADWNSGIK
UniRef100_I7H7S7	MKNVEKISLVELKKVTGGATYYGNGLYCNSKKCWVEWGITGGCLAQYAIGGWLGGAVPGKC	MKNVEKISLVELKKVTGG	ATYYGNGLYCNSKKCWVEWGITGGCLAQYAIGGWLGGAVPGKC
UniRef100_UPI00111D73F8	MKEFKELSVKEMQQVQGGATHSGKYYGNGVYCTKEKCTVDWAKASTCIAGMSIGGFLGGAIPGKC	MKEFKELSVKEMQQVQGG	ATHSGKYYGNGVYCTKEKCTVDWAKASTCIAGMSIGGFLGGAIPGKC
UniRef100_UPI000FD7DD8E	MKHLKILSIKETQLIYGGTTHSGKYYGNGVYCTKNKCTVDWAKATTCIAGMSIGGFLESSP	MKHLKILSIKETQLIYGG	TTHSGKYYGNGVYCTKNKCTVDWAKATTCIAGMSIGGFLESSP
UniRef100_R2SRR0	MKASKEMTKNEMKSVIGGTYYGNGVSCGKTTCTVDWAAAGTCIAQISIGGFLGGAIPGKC	MKASKEMTKNEMKSVIGG	TYYGNGVSCGKTTCTVDWAAAGTCIAQISIGGFLGGAIPGKC
UniRef100_UPI000F78F25F	MKNTNKLNTQELKKINGGKYYGNGRSCNKHGCKVVWGKAIGIIGNNAAVNLHSGGNAGWNGN	MKNTNKLNTQELKKINGG	KYYGNGRSCNKHGCKVVWGKAIGIIGNNAAVNLHSGGNAGWNGN
UniRef100_A0A6F9XRG7	MSDKIENKKKLTTVDLAKVTGGSRYYGNGVTCGKHKCTVNWGQAWTCGVNRLANFGHGNC	MSDKIENKKKLTTVDLAKVTGG	SRYYGNGVTCGKHKCTVNWGQAWTCGVNRLANFGHGNC
UniRef100_UPI00101F3F30	MRKLSEKELKKIMGGKYYGNGVYCGKHKCRVDWGQAWGCSVNRWGAAVGTGGKATIGHC	MRKLSEKELKKIMGG	KYYGNGVYCGKHKCRVDWGQAWGCSVNRWGAAVGTGGKATIGHC
UniRef100_A0A0R1M9U5	MKKEIELSEKELVRIIGGKYYGNGVSCTKKHGCKVNWGQAFTCSVNRFANFGHGNC	MKKEIELSEKELVRIIGG	KYYGNGVSCTKKHGCKVNWGQAFTCSVNRFANFGHGNC
UniRef100_UPI00101599CB	MSKVKVVSEKEMKQIIGGKYYGNGLSCSKKRCTVNWGQAFSCGVNRVATAGHGKC	MSKVKVVSEKEMKQIIGG	KYYGNGLSCSKKRCTVNWGQAFSCGVNRVATAGHGKC
UniRef100_A0A5B7T745	MKKVIDENSLSLISGGKYYGNGVSCGKHTCKVNWGQAWNESVNRWGNSWVNGLTGLRQH	MKKVIDENSLSLISGG	KYYGNGVSCGKHTCKVNWGQAWNESVNRWGNSWVNGLTGLRQH
UniRef100_UPI0021A50FA0	MKNVKSLNEEELMMVQGGKGGGKYHYYGNGVSCNSQRCRVDWGRSWYCIANRAAGAYATGGKATIGSC	MKNVKSLNEEELMMVQGG	KGGGKYHYYGNGVSCNSQRCRVDWGRSWYCIANRAAGAYATGGKATIGSC
UniRef100_UPI000983D7C1	MIIFYKITKNIYWRNFYEKIKELKVEELQEISGGKVTKYPNGLYCDDSTGHCHVDWSEATSSIGQIVVNGWVQNGPWSHR	MIIFYKITKNIYWRNFYEKIKELKVEELQEISGG	KVTKYPNGLYCDDSTGHCHVDWSEATSSIGQIVVNGWVQNGPWSHR
UniRef100_UPI001E2D3148	MKKNKNCEIILTDQELLSIIGGKYYGNGVHCNSKTCWLDQSQAWGAVGRIAVNGWVEHGPWAQG	MKKNKNCEIILTDQELLSIIGG	KYYGNGVHCNSKTCWLDQSQAWGAVGRIAVNGWVEHGPWAQG
UniRef100_UPI000A260FD1	MNNFKELSLEESSSVIGGKYYGNGLHIPKHGKPYINWGQAIQSIGKISYHGWVNGITSGAAGVGRH	MNNFKELSLEESSSVIGG	KYYGNGLHIPKHGKPYINWGQAIQSIGKISYHGWVNGITSGAAGVGRH
UniRef100_A0A0U2N330	MIIMNKEFTVLTEVELVKVDGGKRYPNCVGNFLGGLFAGAAAGVPLGPAGIVGGANLGMVGGALTCL	MIIMNKEFTVLTEVELVKVDGG	KRYPNCVGNFLGGLFAGAAAGVPLGPAGIVGGANLGMVGGALTCL
UniRef100_A0A4S2EFM2	MENKFVVLTEKELTLVYGGKGGKSCVSNFLGGLAAGAAAGVPGGIVGIIGGANLGMVGGAISCL	MENKFVVLTEKELTLVYGG	KGGKSCVSNFLGGLAAGAAAGVPGGIVGIIGGANLGMVGGAISCL
UniRef100_A0A3C1XMN8	MENKFETLTEKELMNVYGGKKPSCVRNFLGGLVKGALSGAPRGVAGVVVGANLGMVGGALSCL	MENKFETLTEKELMNVYGG	KKPSCVRNFLGGLVKGALSGAPRGVAGVVVGANLGMVGGALSCL
UniRef100_A0A4Y9HKG6	MENKFVTLTEEELALVYGGKGGKSCGNNFLGGLAAGVPGGIIGGANLGMVGGAISCLRSL	MENKFVTLTEEELALVYGG	KGGKSCGNNFLGGLAAGVPGGIIGGANLGMVGGAISCLRSL
UniRef100_A0A1Y3VQ28	MKEFTVLTECELAKVDGGYTPKNCAIAVGGGMLSGAIRGGMAGTVFGVGTGNLAGAFAGAHIGLVAGGLACIGGYLGSH	MKEFTVLTECELAKVDGG	YTPKNCAIAVGGGMLSGAIRGGMAGTVFGVGTGNLAGAFAGAHIGLVAGGLACIGGYLGSH
UniRef100_A0A2Z4VY85	MTDNNQKFTLMTEKDLSSVVGGKGEYGASGNRYVHCGAGIVGGALIGAIGGPWGAVSGAIAGGSSNCF	MTDNNQKFTLMTEKDLSSVVGG	KGEYGASGNRYVHCGAGIVGGALIGAIGGPWGAVSGAIAGGSSNCF
UniRef100_UPI00214AEAC4	MTDYKKEFENLSVESLLSVVGGKGRYGASGNRFVHCGAGIVGGALIGAIGGPWGAAAGAVSGGLANCH	MTDYKKEFENLSVESLLSVVGG	KGRYGASGNRFVHCGAGIVGGALIGAIGGPWGAAAGAVSGGLANCH
UniRef100_A0A3B8RDQ9	MTDYKKEFETLSMESLLSVVGGKGSYGASGNRFVHCGAGIVGGALIGAVGGLWGAAGGAFAGGLENCH	MTDYKKEFETLSMESLLSVVGG	KGSYGASGNRFVHCGAGIVGGALIGAVGGLWGAAGGAFAGGLENCH
UniRef100_UPI001C958318	MTNYKILDEGILQNIEGGNPAGAAVVAGMGCAAAGIKYGSKLGFWGAAIGGVGGAAVCGYLAYTAVG	MTNYKILDEGILQNIEGG	NPAGAAVVAGMGCAAAGIKYGSKLGFWGAAIGGVGGAAVCGYLAYTAVG
UniRef100_A0A7T4M0X4	MNTYYNVDETMLSEIYGGNSGGAAVVAALGCAAGGVKYGKFLGPWGAAIGGIGGAVICGYLAYSATS	MNTYYNVDETMLSEIYGG	NSGGAAVVAALGCAAGGVKYGKFLGPWGAAIGGIGGAVICGYLAYSATS
UniRef100_A0A139NEU2	MTFEHFETLNENNLRDIYGGNNAGAAVVAAMSCAAGGIKLGGKFGPWGAAIGGVGGAAICGYLAYTAIG	MTFEHFETLNENNLRDIYGG	NNAGAAVVAAMSCAAGGIKLGGKFGPWGAAIGGVGGAAICGYLAYTAIG
UniRef100_A0A7Z9D1Z9	MQQVDFNQERFFMTHYYQIKEEELNDICGGNPAGAAVIGAIGCASRGVKLGSRIGPWGAVIGGVGSAAVCGYLAYKASS	MQQVDFNQERFFMTHYYQIKEEELNDICGG	NPAGAAVIGAIGCASRGVKLGSRIGPWGAVIGGVGSAAVCGYLAYKASS
UniRef100_UPI0018ABA846	MVKLIKIENCDLITIYGGNAAGAAVVAGMGCIKPGIKLGASVGGFWGGVIGGVGGAGICGYLAYTASS	MVKLIKIENCDLITIYGG	NAAGAAVVAGMGCIKPGIKLGASVGGFWGGVIGGVGGAGICGYLAYTASS
UniRef100_UPI0012DEA2CF	MKIYNDIEETKLSEICGGNPAGSAVVGALGCAAGGVKFGSKLGPAGAIIGGIGGAAVCGYLAYKAAGG	MKIYNDIEETKLSEICGG	NPAGSAVVGALGCAAGGVKFGSKLGPAGAIIGGIGGAAVCGYLAYKAAGG
UniRef100_C0MC54	MTHYYQIKEEELNDICGGNPAGAAVVGGLTCAVGGIKLGSRIGPWGAVIGGVGSAAVCGYLAYKASS	MTHYYQIKEEELNDICGG	NPAGAAVVGGLTCAVGGIKLGSRIGPWGAVIGGVGSAAVCGYLAYKASS
UniRef100_A0A7U0IMZ9	MDTKIMEQFHEMDITMLSSIEGGKNNWQTNVLEGGGAAFGCAAGGVKYGRLLGPWGAAIGGIGGAVVCGYLAYTATS	MDTKIMEQFHEMDITMLSSIEGG	KNNWQTNVLEGGGAAFGCAAGGVKYGRLLGPWGAAIGGIGGAVVCGYLAYTATS
UniRef100_A0A256VDU2	MKQLKYNQLELIIGGNRWGNATIGAMNGAKYGVKLCRPGGPWAMGGCGLVGAGIGGYVGYRF	MKQLKYNQLELIIGG	NRWGNATIGAMNGAKYGVKLCRPGGPWAMGGCGLVGAGIGGYVGYRF
UniRef100_UPI001E5F603B	MQQLKNEQLEFILGGNRWGNATIGAMSGAARGVKWCRPAGAWGMAGCAVVGAGVGGYFGYHS	MQQLKNEQLEFILGG	NRWGNATIGAMSGAARGVKWCRPAGAWGMAGCAVVGAGVGGYFGYHS
UniRef100_UPI00129E16CF	MQKLTNEQLVFIIGGNRWGNATIGAMTGAKYGVKICRPGGGWAMGGCALVGAGVGGYIGYRH	MQKLTNEQLVFIIGG	NRWGNATIGAMTGAKYGVKICRPGGGWAMGGCALVGAGVGGYIGYRH
UniRef100_A0A3M0NS59	MNNYKTLNQEELVDITGGNKWGNKWNNALSGAAAGLGACKWLAEGIGPWGLAACAAVGAGIGYMG	MNNYKTLNQEELVDITGG	NKWGNKWNNALSGAAAGLGACKWLAEGIGPWGLAACAAVGAGIGYMG
UniRef100_A0A5R9CHA4	MFLIKNYTNVSPEVLASIIGGKYRGPNYRCLIKSGSGLIGGALSGIPGGAAGVVGLGTVGLVYGAVSCLRNP	MFLIKNYTNVSPEVLASIIGG	KYRGPNYRCLIKSGSGLIGGALSGIPGGAAGVVGLGTVGLVYGAVSCLRNP
UniRef100_UPI00033031E9	MKKYKVLTEKEMKRTIGGGSVFSKIGNTLGPAAYWLLKGLGNMSDVNQADRINRKKH	MKKYKVLTEKEMKRTIGG	GSVFSKIGNTLGPAAYWLLKGLGNMSDVNQADRINRKKH
UniRef100_A0A2W4A7I4	MKVLSEKELKKCVGGSVWGTIGEYAGTAGYWVLKGLGNMSDVNQADRINRKKRR	MKVLSEKELKKCVGG	SVWGTIGEYAGTAGYWVLKGLGNMSDVNQADRINRKKRR
UniRef100_UPI00032D95D8	MKNINNSKNMKIIRDNELKKIIGGGPGKLLPWIQPVYDFVTGLTNGIRKEGNRNKWKNV	MKNINNSKNMKIIRDNELKKIIGG	GPGKLLPWIQPVYDFVTGLTNGIRKEGNRNKWKNV
UniRef100_UPI000EE4F90E	MKVLNECQLQTVVGGKNWSVAKCGGTIGTNIAIGAWRGARAGAIGGSVQCVGWLAGGGR	MKVLNECQLQTVVGG	KNWSVAKCGGTIGTNIAIGAWRGARAGAIGGSVQCVGWLAGGGR
UniRef100_UPI00204303C2	MKKFETLASEELSTVVGGRNGWKENVAEAGGAAVAGFAIGNAFCGPGCGLLGANYGPILWTGVTGFTGGFGKIHHKRRR	MKKFETLASEELSTVVGG	RNGWKENVAEAGGAAVAGFAIGNAFCGPGCGLLGANYGPILWTGVTGFTGGFGKIHHKRRR
UniRef100_UPI00129E3BF6	MNKLDNFQLKQILGGKNTWAQNVIGVGRATAAGAGLGTAICGPACGFVGAHYGAIAWAGVTGATHGFH	MNKLDNFQLKQILGG	KNTWAQNVIGVGRATAAGAGLGTAICGPACGFVGAHYGAIAWAGVTGATHGFH
UniRef100_A0A1C1ZMG8	MNKLDSSQLKKILGGRNSWQQNVSGAVGAAAAGAGLGAAICGPACGFVGAHYGAIAWAGVTGATHGFH	MNKLDSSQLKKILGG	RNSWQQNVSGAVGAAAAGAGLGAAICGPACGFVGAHYGAIAWAGVTGATHGFH
UniRef100_UPI00129A6361	MKKLDNSQLKMILGGKNSWQQNVWGVARSTAAGAGLGAAICGPGCGFVGAHYGAIVWAGTTGATHGFH	MKKLDNSQLKMILGG	KNSWQQNVWGVARSTAAGAGLGAAICGPGCGFVGAHYGAIVWAGTTGATHGFH
UniRef100_UPI0006202EA7	MNSNIEFDSIDTELLEKVIGGKNNWQANVSGILAAGAAGAAGAAIGAPVCGLACGYIGAKTAITLWAGVTGATGGFK	MNSNIEFDSIDTELLEKVIGG	KNNWQANVSGILAAGAAGAAGAAIGAPVCGLACGYIGAKTAITLWAGVTGATGGFK
UniRef100_UPI002044BE08	MVLNKLKDNELSEIIGGNKWGSAITGGLSGAASGVKYCKSAGPWAMVGCGIAGAVIGGYIGYR	MVLNKLKDNELSEIIGG	NKWGSAITGGLSGAASGVKYCKSAGPWAMVGCGIAGAVIGGYIGYR
UniRef100_A0A1C2G7X6	MKKIEQNQLKQIIGGNKWGDATIGAMEGAAMGIKVCRPAGPWAMAGCGIVGAGVKGYLNYHG	MKKIEQNQLKQIIGG	NKWGDATIGAMEGAAMGIKVCRPAGPWAMAGCGIVGAGVKGYLNYHG
UniRef100_UPI001FACFADC	MKNIRRLSENELMIVVGGYTAKQCLKAIGIWGIGGLGTGAVGGGPAGAFLGAHVGVIAGSAVCIGGFLGS	MKNIRRLSENELMIVVGG	YTAKQCLKAIGIWGIGGLGTGAVGGGPAGAFLGAHVGVIAGSAVCIGGFLGS
UniRef100_R2PE76	MQKFQKLNKQEMKQLMGGYSSKDCLKDIGKGIGAGTVAGAAGGGLAAGLGAIPGAFVGAHVGVIGGSAACIGGFLGN	MQKFQKLNKQEMKQLMGG	YSSKDCLKDIGKGIGAGTVAGAAGGGLAAGLGAIPGAFVGAHVGVIGGSAACIGGFLGN
UniRef100_A0A6A8NFL1	MNFQKFYLILKGSFVMKEFQKLNEQEMKQLIGGYSSKDCLKDIGKGIGTGTVAGAAGGGLVAGLGAIPGAFVGAHFGVIGGSAACIGGLLGN	MNFQKFYLILKGSFVMKEFQKLNEQEMKQLIGG	YSSKDCLKDIGKGIGTGTVAGAAGGGLVAGLGAIPGAFVGAHFGVIGGSAACIGGLLGN
UniRef100_UPI0010A16D14	MIKFAEEIQKEELFHIIGGYSATDCKNHLIGGITSGAIAGGVGAGMATLGVGGVAGAFVGAHVGAIAGGLTCVGGMLFNGK	MIKFAEEIQKEELFHIIGG	YSATDCKNHLIGGITSGAIAGGVGAGMATLGVGGVAGAFVGAHVGAIAGGLTCVGGMLFNGK
UniRef100_A0A7X9QHS3	MNTQAFEQFKVMDKEALSVMEGGYNCIGDFVTGVASGTAGGALAGGPVGAFVGAHVGVIAGGLKCVGGQLSSRYF	MNTQAFEQFKVMDKEALSVMEGG	YNCIGDFVTGVASGTAGGALAGGPVGAFVGAHVGVIAGGLKCVGGQLSSRYF
UniRef100_UPI000B63B75F	MNTMITEKFEVMNAQELAAVEGGYNCTGDFVTGVASGTAGGALAGGPVGAFVGAHVGVIAGGLKCVGGQLSSRFF	MNTMITEKFEVMNAQELAAVEGG	YNCTGDFVTGVASGTAGGALAGGPVGAFVGAHVGVIAGGLKCVGGQLSSRFF
UniRef100_UPI001FAB5789	MNTTRIKLLTEQELMEIFGGKTNWGTLVGSCIAGGLVGALGGTPLSIGVGCLVGVGQDWISQR	MNTTRIKLLTEQELMEIFGG	KTNWGTLVGSCIAGGLVGALGGTPLSIGVGCLVGVGQDWISQR
UniRef100_A0A7V7GLZ5	MKMKTANITLLTDQEMMGIFGGKTNWGSVVGSCVAGGLVGAGQDWISQK	MKMKTANITLLTDQEMMGIFGG	KTNWGSVVGSCVAGGLVGAGQDWISQK
UniRef100_UPI000474244E	MNTHVLEQFDVMDNETLSTVEGGKVSGGEAVAAIGICATASAAIGGLAGVTLVTPYCVGTWGLIRSH	MNTHVLEQFDVMDNETLSTVEGG	KVSGGEAVAAIGICATASAAIGGLAGVTLVTPYCVGTWGLIRSH
UniRef100_A0A1Q8RF64	MNTMAFEQFEAMDNQELAVVEGGKVSGGEAVSAIGICATASAAVGGLAGATLITPYCVGTWGLLRK	MNTMAFEQFEAMDNQELAVVEGG	KVSGGEAVSAIGICATASAAVGGLAGATLITPYCVGTWGLLRK
UniRef100_UPI00070C3307	MNTQAFEQFKAIDNQALAVVEGGKVSGREAIAAIGICAAASAAVGGLAGATLVTPYCVGTWGLLRK	MNTQAFEQFKAIDNQALAVVEGG	KVSGREAIAAIGICAAASAAVGGLAGATLVTPYCVGTWGLLRK
UniRef100_UPI0003C41CFA	MDTQAFEQFDVMDSQTLSTVEGGKVSGGEAVAAIGGLVGATLVTPYCVGTWGLIRSH	MDTQAFEQFDVMDSQTLSTVEGG	KVSGGEAVAAIGGLVGATLVTPYCVGTWGLIRSH
UniRef100_A0A1Q8RKH7	MYTQAFEQFEVMDKEVLSAVEGGGKVSFGQAATAIGGCAIQGAAIGGFATGGAGFLPGAILGAQYCGAAALWALAQ	MYTQAFEQFEVMDKEVLSAVEGG	GKVSFGQAATAIGGCAIQGAAIGGFATGGAGFLPGAILGAQYCGAAALWALAQ
UniRef100_Q8DWB6	MEWRINTMELNVNNYKSLTNDELSEVFGGDKQAADTFLSAVGGAASGFTYCASNGVWHPYILAGCAGVGAVGSVVFPH	MEWRINTMELNVNNYKSLTNDELSEVFGG	DKQAADTFLSAVGGAASGFTYCASNGVWHPYILAGCAGVGAVGSVVFPH
UniRef100_A0A2L0D506	MGELNFEQLSQIRGGGKKAADIYVSAISGAAQGAMLCAQTGVVVQPGVILGCAGAGAVLGVMFPS	MGELNFEQLSQIRGG	GKKAADIYVSAISGAAQGAMLCAQTGVVVQPGVILGCAGAGAVLGVMFPS
UniRef100_T5JY75	MKFQTISASNLATITGGDLTTKLWSSWGYYLGKKARWNLKHPYAQF	MKFQTISASNLATITGG	DLTTKLWSSWGYYLGKKARWNLKHPYAQF
UniRef100_T5JWZ8	MNKLNDFYILNEGNLSQIEGGSGFSLGLEILWSAYKHRKTIEKSFNKGFYN	MNKLNDFYILNEGNLSQIEGG	SGFSLGLEILWSAYKHRKTIEKSFNKGFYN
UniRef100_UPI000A5A2F04	MENIASFTSYKELNAEELATIDGGRNKLAYNIGYYAGKTVIAAGVVIGAWALI	MENIASFTSYKELNAEELATIDGG	RNKLAYNIGYYAGKTVIAAGVVIGAWALI
UniRef100_A0A7H4UG25	MLKFDKLQYSNLSQKKLTAVSGGFNRSGYNFGKNVRHVCDAISSALGVRSVWKSIR	MLKFDKLQYSNLSQKKLTAVSGG	FNRSGYNFGKNVRHVCDAISSALGVRSVWKSIR
UniRef100_D1MET7	MKKFLVLRDRELNAISGGVFHAYSARGVRNNYKSAVGPADWVISAVRGFIHGYSSSHQV	MKKFLVLRDRELNAISGG	VFHAYSARGVRNNYKSAVGPADWVISAVRGFIHGYSSSHQV
UniRef100_UPI0011CCAA4A	MKKFLVLRDRELNAISGGVFHAYSARGVRNNYKSAVGPADWVISAVRGFESVKYLV	MKKFLVLRDRELNAISGG	VFHAYSARGVRNNYKSAVGPADWVISAVRGFESVKYLV
UniRef100_Q1WFE1	MTVNKMIKNLDVVDASAPISNNKLNGVVGGDAWKNFWSSLRKGFYDGEAGRANPSLINGLKLRRAYSGNQINY	MTVNKMIKNLDVVDASAPISNNKLNGVVGG	DAWKNFWSSLRKGFYDGEAGRANPSLINGLKLRRAYSGNQINY
UniRef100_T5JDZ0	MMNEMLKNLDSVDAFSLISNNKLNRVVGGGAWKNFWSSLRKGFYDGEAGKPIRR	MMNEMLKNLDSVDAFSLISNNKLNRVVGG	GAWKNFWSSLRKGFYDGEAGKPIRR
UniRef100_T5JPP8	MKIKLTVLNEFEELTDDTEKNIFGGRRSRKNGIGYAIGYAFGAVERAVVGGSKDFNKW	MKIKLTVLNEFEELTDDTEKNIFGG	RRSRKNGIGYAIGYAFGAVERAVVGGSKDFNKW
UniRef100_Q14EB4	MENMTTIENHYLTLTEDELMNVEGGVIPVAIWAIWGAATAAGFTGGIAVGLNRVNRK	MENMTTIENHYLTLTEDELMNVEGG	VIPVAIWAIWGAATAAGFTGGIAVGLNRVNRK
UniRef100_A0A172Q9G4	MVKTTTKFETMDNVTKNYVTLSEEELKAIEGGIVPVIAIWATAAGVGFSGGIAVGLNYVNRH	MVKTTTKFETMDNVTKNYVTLSEEELKAIEGG	IVPVIAIWATAAGVGFSGGIAVGLNYVNRH
UniRef100_Q03ZY1	MHKNDLINFSNFSQLDEYQLASVDGGFIPVAVWALWAGAGAAGFSGGIAVGLNRVNRNN	MHKNDLINFSNFSQLDEYQLASVDGG	FIPVAVWALWAGAGAAGFSGGIAVGLNRVNRNN
UniRef100_A0A556UDX9	METVNTTKFVKLSENELLGIHGGIAPILIGVGIVGGLGGGFAAGYGLARAFG	METVNTTKFVKLSENELLGIHGG	IAPILIGVGIVGGLGGGFAAGYGLARAFG
UniRef100_A0A172QAG2	MTRKIDNVVKFEELTSEELQQISGGIAPILIGVGVAASLGGGFAAGYTLARVFG	MTRKIDNVVKFEELTSEELQQISGG	IAPILIGVGVAASLGGGFAAGYTLARVFG
UniRef100_UPI000BBD0E64	MTKFENTTSLQALTEQELENTAGGIAPFLIGVGIVAGLGGGFFGGYALARIFG	MTKFENTTSLQALTEQELENTAGG	IAPFLIGVGIVAGLGGGFFGGYALARIFG
UniRef100_UPI0009B9D248	MTELNKKLQNSLHGYDILDAQQLSEVDGGIAPLLIAVGIILAGGGGFAAGYGLSRWLG	MTELNKKLQNSLHGYDILDAQQLSEVDGG	IAPLLIAVGIILAGGGGFAAGYGLSRWLG
UniRef100_A0A2X3TC33	MNTETINQFDVMNIEALATVEGGYSGKDCLKDMGGYMLSGAGSGALWGAPAGGIGALPGAFVGAHVGAIAGGFACMGGMIGNRFN	MNTETINQFDVMNIEALATVEGG	YSGKDCLKDMGGYMLSGAGSGALWGAPAGGIGALPGAFVGAHVGAIAGGFACMGGMIGNRFN
UniRef100_A0A1Q8EBP3	MNTQTISQFDILDTELLETVEGGYSGKDCLKDMGIYMLSGAGSGAMWGAPVGGVGAVPGAFVGAHVGAIAGGFVCMGGMIGNKFN	MNTQTISQFDILDTELLETVEGG	YSGKDCLKDMGIYMLSGAGSGAMWGAPVGGVGAVPGAFVGAHVGAIAGGFVCMGGMIGNKFN
UniRef100_UPI0018CB1331	MDNSIQNQFEIMSIYDIAAVTGGYSGNDCLRDMGGFVLSGAGSGALWGAPAGGIGAIPGAFVGAHVGAIAGGFACMGGILGN	MDNSIQNQFEIMSIYDIAAVTGG	YSGNDCLRDMGGFVLSGAGSGALWGAPAGGIGAIPGAFVGAHVGAIAGGFACMGGILGN
UniRef100_T1ZF76	MNTKTLEKYEVLNSEMLASVEGGYNTSDCLKDYGKGFLSGTAAGAAWGSIAGGIGALPGAFVGAHVGIIGGGLACIGNMLGK	MNTKTLEKYEVLNSEMLASVEGG	YNTSDCLKDYGKGFLSGTAAGAAWGSIAGGIGALPGAFVGAHVGIIGGGLACIGNMLGK
UniRef100_UPI001553FFE6	MNTKTIEQFNVISTDTLATVEGGFSDRDCVNAIFGTAITTAGAGFVGGMATFGVTSLPGAFVGFHVGAIAGGLVCVGGKIGSKFG	MNTKTIEQFNVISTDTLATVEGG	FSDRDCVNAIFGTAITTAGAGFVGGMATFGVTSLPGAFVGFHVGAIAGGLVCVGGKIGSKFG
UniRef100_UPI00211CAE08	MNTKTFEQFDVMTDEALSTVEGGYSKTDCLNAMITGIAGGIVAGGTGAGLVTLGVAGLPGAFVGAHIGAIGGGATCVGGMLFN	MNTKTFEQFDVMTDEALSTVEGG	YSKTDCLNAMITGIAGGIVAGGTGAGLVTLGVAGLPGAFVGAHIGAIGGGATCVGGMLFN
UniRef100_A0A139QHK6	MNTKSLEKFEVLNSEMLASVEGGAKYTVGDCRNAMVSGIVGGAMAGGTAGMPALGIGSLAGAFVGAHLGAIGGGLTCVGGMLWNHV	MNTKSLEKFEVLNSEMLASVEGG	AKYTVGDCRNAMVSGIVGGAMAGGTAGMPALGIGSLAGAFVGAHLGAIGGGLTCVGGMLWNHV
UniRef100_UPI001478AF0F	MVNDLDNEQLQQLVGGYSNKACLKDFGTGIIEGTAAGAVWGGLPGAFIGAHVGVIGGGFYCLGGKLGG	MVNDLDNEQLQQLVGG	YSNKACLKDFGTGIIEGTAAGAVWGGLPGAFIGAHVGVIGGGFYCLGGKLGG
UniRef100_UPI002000B7AF	MTTQTINTFETLDLETLANVEGGNRCKDLIFGGALTGAGAGFTGGMAAFGVTAFPGAFVGAHVGAVAGGLACIGASF	MTTQTINTFETLDLETLANVEGG	NRCKDLIFGGALTGAGAGFTGGMAAFGVTAFPGAFVGAHVGAVAGGLACIGASF
UniRef100_A0A239R6A2	MNTKTFEQFDVMTEAELSTVEGGNKCVNAIFGGALTGAGSGFVGGMATLGVTSIPGAFVGAHFGAIAGGLYCVGASL	MNTKTFEQFDVMTEAELSTVEGG	NKCVNAIFGGALTGAGSGFVGGMATLGVTSIPGAFVGAHFGAIAGGLYCVGASL
UniRef100_A0A372KM52	MTAKTLEQFKTMTDRQLSAVEGGNTCVNAIFGGALAGAGSGFVGGMATLGVTSIPGAFVGAHVGAIAGGLYCVGASL	MTAKTLEQFKTMTDRQLSAVEGG	NTCVNAIFGGALAGAGSGFVGGMATLGVTSIPGAFVGAHVGAIAGGLYCVGASL
UniRef100_A0A2G3NWW6	MKYSDKINFVNRDDKKLLGGIQMNTKTFEQFDVMTDAELAKVEGGNKCVNAIFGGSLTGAGSGFVGGMATLGVTSIPGAFVGAHFGAIAGGLYCVGASL	MKYSDKINFVNRDDKKLLGGIQMNTKTFEQFDVMTDAELAKVEGG	NKCVNAIFGGSLTGAGSGFVGGMATLGVTSIPGAFVGAHFGAIAGGLYCVGASL
UniRef100_A0A6D2L4G3	MKQYEDFQMLYELDLASVNGGKINWGSVAGHCAGGAIIGGAFSGGLAAGIGCVVGSGKAIIGGL	MKQYEDFQMLYELDLASVNGG	KINWGSVAGHCAGGAIIGGAFSGGLAAGIGCVVGSGKAIIGGL
UniRef100_UPI001E5936A1	MKQYEDFQMLYELDLASVNGGKINWGSVAGHCAGGAIIGGAFSGGLAAGIGCVVGSGKAIIGDYKSILSLLLFIVSPCSSTSRY	MKQYEDFQMLYELDLASVNGG	KINWGSVAGHCAGGAIIGGAFSGGLAAGIGCVVGSGKAIIGDYKSILSLLLFIVSPCSSTSRY
UniRef100_A0A1Q8EBP2	MKQHEDFHILYDLDLESVYGGEINWGSVVGHCIGGIIIGAAFSGGLAAGVGCVVGSGKAIIGGL	MKQHEDFHILYDLDLESVYGG	EINWGSVVGHCIGGIIIGAAFSGGLAAGVGCVVGSGKAIIGGL
UniRef100_C0M6E9	MKQYEDFQMLYELDLASVNGGKINWGSVAGHCAGGAIVTGAFSGPLYVLGAGIGCIVGAGQAIINGL	MKQYEDFQMLYELDLASVNGG	KINWGSVAGHCAGGAIVTGAFSGPLYVLGAGIGCIVGAGQAIINGL
UniRef100_UPI001FFC67B0	MKGIVFMNIYKAFKPLSDITLSDVKGGDINWGSVLGHCVGGAIIGGAFSGGLAAGVGCVVGGGKVIIGGL	MKGIVFMNIYKAFKPLSDITLSDVKGG	DINWGSVLGHCVGGAIIGGAFSGGLAAGVGCVVGGGKVIIGGL
UniRef100_A0A5C5SEN4	MKPCVDFQILSESELTDVYGGKINWGSVVGNCIGGAIIAGAFSGPISAGVACIVGGGKAIIYG	MKPCVDFQILSESELTDVYGG	KINWGSVVGNCIGGAIIAGAFSGPISAGVACIVGGGKAIIYG
UniRef100_UPI0013F5E2F4	MKQYEDFQMLYELDLASVNGGKINWGSVAGHCAGGAIVTGAFSGPLYVLGAGIGCTVGALLQSYTHLTLPTTDRV	MKQYEDFQMLYELDLASVNGG	KINWGSVAGHCAGGAIVTGAFSGPLYVLGAGIGCTVGALLQSYTHLTLPTTDRV
UniRef100_A0A3L8GLB9	MHEVDLASVDGGKINWGSVAGNCVGGAIITGAFSGLLYILDAGIGCVVGSGQSIINEL	MHEVDLASVDGG	KINWGSVAGNCVGGAIITGAFSGLLYILDAGIGCVVGSGQSIINEL
UniRef100_A0A1S6JMP8	MDKQFGFKSLSEAQLTEINGGKINWGGVVGHCIGGGIIGSFGGAAGAFSGCVIGAGSAIIDGL	MDKQFGFKSLSEAQLTEINGG	KINWGGVVGHCIGGGIIGSFGGAAGAFSGCVIGAGSAIIDGL
UniRef100_A1KWV2	MKKLETKELVSINGGKKNTWQQNVSGAIGSTVAGAGLGGAICGPACAVVGAHYGPIIWAGVSGATGAF	MKKLETKELVSINGG	KKNTWQQNVSGAIGSTVAGAGLGGAICGPACAVVGAHYGPIIWAGVSGATGAF
UniRef100_A0A1Q9MQ49	MDSELTDVVGGRNTWQQNVSGVAGAAAGGAALGAVVGGPAGAFLGAHYGPILWTAVTGFTGGF	MDSELTDVVGG	RNTWQQNVSGVAGAAAGGAALGAVVGGPAGAFLGAHYGPILWTAVTGFTGGF
UniRef100_UPI001F247402	MKKEILDQEELSKIIGGKINWGRVGGSCVGGAIIGGALGGLGGAGGGCLTGAIGSLWDQW	MKKEILDQEELSKIIGG	KINWGRVGGSCVGGAIIGGALGGLGGAGGGCLTGAIGSLWDQW
UniRef100_UPI000555B19A	MLLLLLYYWWTIRELGETFNKKELLNQEEMLKVIGGKINWGSVGGSCVGGAIIVGVIGGPGGCCLTGAIGGVWNQW	MLLLLLYYWWTIRELGETFNKKELLNQEEMLKVIGG	KINWGSVGGSCVGGAIIVGVIGGPGGCCLTGAIGGVWNQW
UniRef100_Q48UV9	MILFFMIFCTSSRLQRDKFKNYEKKLFDMEIKKLETFHQMTIEKLAKVEGGKNNWQANVSGVIAAGSAGAAIGFPVCGVACGYIGAKTAITLWAGVTGATGGF	MILFFMIFCTSSRLQRDKFKNYEKKLFDMEIKKLETFHQMTIEKLAKVEGG	KNNWQANVSGVIAAGSAGAAIGFPVCGVACGYIGAKTAITLWAGVTGATGGF
UniRef100_UPI000E1C0D3D	MKRSYSIWRLKKLETFHQMTIEKLAKVEGGKNNWQANVSGVIAAGSAGAAIGFPVCGVACGYIGAKTAVTLWAGVTGATGGF	MKRSYSIWRLKKLETFHQMTIEKLAKVEGG	KNNWQANVSGVIAAGSAGAAIGFPVCGVACGYIGAKTAVTLWAGVTGATGGF
UniRef100_UPI0010A1C38A	MEIKKLETFHQMTIEKLAKVEGGKNNWQANVSGVIAAGSAGAAIGFPVCGVACGYIGAKTAITLWAGVLGGISLIVIFIYFILIVYLYLRYRYLVWKKIPEIKINFTEL	MEIKKLETFHQMTIEKLAKVEGG	KNNWQANVSGVIAAGSAGAAIGFPVCGVACGYIGAKTAITLWAGVLGGISLIVIFIYFILIVYLYLRYRYLVWKKIPEIKINFTEL
UniRef100_A0A6M1KPX2	MSTTIEQFEVMDTEMLASFEGGKNNWAANVSGVIGAGSAGAALGFPVCGVACGYIGAKTGVTLWAWATGVTGGF	MSTTIEQFEVMDTEMLASFEGG	KNNWAANVSGVIGAGSAGAALGFPVCGVACGYIGAKTGVTLWAWATGVTGGF
UniRef100_UPI001359DA39	MDTLSLSQFERLDLESLAAIEGGKNNWQTNVNSAIAAGAAGAGLGFPLCGVPCGYIGAKAAITLWAGVTGTTGGF	MDTLSLSQFERLDLESLAAIEGG	KNNWQTNVNSAIAAGAAGAGLGFPLCGVPCGYIGAKAAITLWAGVTGTTGGF
UniRef100_UPI00078855CA	MNTNTLEQFTMMDEMVLSGIEGGKNNWQANVSGVLASGSAGAAIGFPICGMACGYIGAKAGITLWTVATGATGGF	MNTNTLEQFTMMDEMVLSGIEGG	KNNWQANVSGVLASGSAGAAIGFPICGMACGYIGAKAGITLWTVATGATGGF
UniRef100_UPI0013F654F8	MSWLQLDNINILGSIYKATEMLASFEGGKNNWAANVSGVIGAGSAGAALGFPVCGVACGYIGAKTGVTLWAWATGVTGGF	MSWLQLDNINILGSIYKATEMLASFEGG	KNNWAANVSGVIGAGSAGAALGFPVCGVACGYIGAKTGVTLWAWATGVTGGF
UniRef100_A0A380JYT4	MNTKSMEQFKQMDVEMLASVDGGKNNWQNNVLEGVGAATAGWGLGTTICTVTGVGAPLAPACGYIGAKFGVALWAGVTGATGGF	MNTKSMEQFKQMDVEMLASVDGG	KNNWQNNVLEGVGAATAGWGLGTTICTVTGVGAPLAPACGYIGAKFGVALWAGVTGATGGF
UniRef100_UPI001C97DDB1	MNTKTFNTMNEEMLAQVEGGKNNWQYNVLEGVSAATTGWGLGTSICAATGVGAALAPACGYIGAKFGVALWAGATGATGGF	MNTKTFNTMNEEMLAQVEGG	KNNWQYNVLEGVSAATTGWGLGTSICAATGVGAALAPACGYIGAKFGVALWAGATGATGGF
UniRef100_UPI001E608D67	MNMTLMKQFNIIDADKLAHVEGGKNNWQANVWEGGIAAVSGWGLGTAICAASGAGAPFMGACGYIGAKFGVSLWAGVTGATGGF	MNMTLMKQFNIIDADKLAHVEGG	KNNWQANVWEGGIAAVSGWGLGTAICAASGAGAPFMGACGYIGAKFGVSLWAGVTGATGGF
UniRef100_A0A5C5SES5	MNTKAMEKFEVLDIEHLETVEGGKNNWQYNVLEGVGAAICTASGVGAPLVPACGYIGAKFGVGLWAGVTKVTGGF	MNTKAMEKFEVLDIEHLETVEGG	KNNWQYNVLEGVGAAICTASGVGAPLVPACGYIGAKFGVGLWAGVTKVTGGF
UniRef100_UPI002161829C	MFVRNKKILEQFEVMNSEMLAGVEGGKNNWQTNVWECGLSAVAGWGFGVSICAASGVGAPLMGACGYLGAKSAVTLWAAMTEATGGV	MFVRNKKILEQFEVMNSEMLAGVEGG	KNNWQTNVWECGLSAVAGWGFGVSICAASGVGAPLMGACGYLGAKSAVTLWAAMTEATGGV
UniRef100_UPI001EFFEFC4	MNTQVVHDFTTINELELSGIEGGKNNWQTNVWEGGSAAVSGWGFGSAVCGVLGVTTPLMPACGYIGAKFGVALWAGATGATGGF	MNTQVVHDFTTINELELSGIEGG	KNNWQTNVWEGGSAAVSGWGFGSAVCGVLGVTTPLMPACGYIGAKFGVALWAGATGATGGF
UniRef100_UPI0004E82105	MNTTLMKQFEIIDADKLAYVEGGKNNWQTNVWEGGTAAVGGWTLGTTICAASGAGAPFMGAWGYIGAKFGVSLWAGVTGATGGF	MNTTLMKQFEIIDADKLAYVEGG	KNNWQTNVWEGGTAAVGGWTLGTTICAASGAGAPFMGAWGYIGAKFGVSLWAGVTGATGGF
UniRef100_A0A2X3S8A9	MEHYRALAINEMQDISGGNAAGNAVIGGLGGLKTGIKFCKIPHPVLKGVCIAGFTAGGAYLAYKAN	MEHYRALAINEMQDISGG	NAAGNAVIGGLGGLKTGIKFCKIPHPVLKGVCIAGFTAGGAYLAYKAN
UniRef100_UPI001C8D36C9	MKQYQYKELAAAEFQEISGGNAPGNAVLGGLGVLKAGFKFCKVPHPVLKGVCVAGFTAGGAYLAYKAN	MKQYQYKELAAAEFQEISGG	NAPGNAVLGGLGVLKAGFKFCKVPHPVLKGVCVAGFTAGGAYLAYKAN
UniRef100_UPI00035E9429	MKKKYKELATNDIANISGGNPTGNAAIGGLSGLSAGIKYCKIPHPVLKGVCVVGVTAGSAYLAYKVN	MKKKYKELATNDIANISGG	NPTGNAAIGGLSGLSAGIKYCKIPHPVLKGVCVVGVTAGSAYLAYKVN
UniRef100_UPI000373FA1D	MNKYKFLSKEEMSQVTGGNAPGNAVIGGLGGLKAGIKFCKVAHPILKGVCVAGFTASVAYLAYKAN	MNKYKFLSKEEMSQVTGG	NAPGNAVIGGLGGLKAGIKFCKVAHPILKGVCVAGFTASVAYLAYKAN
UniRef100_A0A380JSS5	MEHYRALAISDMQDISGGNAAGNAVIGGLGGLKTGITFCKIPHPVLKGVCIDGFTALGACLAYKVN	MEHYRALAISDMQDISGG	NAAGNAVIGGLGGLKTGITFCKIPHPVLKGVCIDGFTALGACLAYKVN
UniRef100_UPI0021505399	MVLDKHLVLSNQQLFHVVGGNAPGNAVLGGLGGLQTGIKYCKVPHPVLKGVCIVGFTTAVAYLAYKAN	MVLDKHLVLSNQQLFHVVGG	NAPGNAVLGGLGGLQTGIKYCKVPHPVLKGVCIVGFTTAVAYLAYKAN
UniRef100_UPI001359CACD	MEHYKELAINELHAISGGNAAGNTAIIGLVGGSKGGIKFCKVLPFPPIKGVCTTEFTA	MEHYKELAINELHAISGG	NAAGNTAIIGLVGGSKGGIKFCKVLPFPPIKGVCTTEFTA
UniRef100_UPI00020A20E0	MDTKIMEQFHEMDITMLSSIEGGKNNWQTNVLEGGGAAFGGWGLGTAICAASGVGAPFMGACGYIGAKFGVDLWAGVTGATGGVKYGRLLGPWGAAIGGIGGAVVCGYLAYTATS	MDTKIMEQFHEMDITMLSSIEGG	KNNWQTNVLEGGGAAFGGWGLGTAICAASGVGAPFMGACGYIGAKFGVDLWAGVTGATGGVKYGRLLGPWGAAIGGIGGAVVCGYLAYTATS
UniRef100_UPI000E044870	MDTKIMEQFHEMDITMLSSIEGGKNNWQTNVLEGGGAAFGGWGLGTAICAASGVGAPFMGACGYIGAKFGVDLWAGVTGGNGWILIKGDLYEYLL	MDTKIMEQFHEMDITMLSSIEGG	KNNWQTNVLEGGGAAFGGWGLGTAICAASGVGAPFMGACGYIGAKFGVDLWAGVTGGNGWILIKGDLYEYLL
UniRef100_UPI00061BF207	MDTKIMEQFHEMDITMLSSIEGGKNNWQTNVLEGGGAAFGGWGLGTAICAASGVGAPFMGACGYIGAKFXLGRFYVCHLFV	MDTKIMEQFHEMDITMLSSIEGG	KNNWQTNVLEGGGAAFGGWGLGTAICAASGVGAPFMGACGYIGAKFXLGRFYVCHLFV
UniRef100_A0A139NE32	MTSVEQQFQTLTAEELMDVNGGKNNWQMNVLEGGSALVSGWGLGVAVCAATGVGAAWAPACGYIGAKFGGALWAGVTAATGGF	MTSVEQQFQTLTAEELMDVNGG	KNNWQMNVLEGGSALVSGWGLGVAVCAATGVGAAWAPACGYIGAKFGGALWAGVTAATGGF
UniRef100_UPI0018A9896E	MMAQNVSNYTKINQVNLSQIYGGVNNWQTNVLEGGGAAITGWGLGVAACSATGVGAVWGPACGYIGAKFGVSLWAGVTGATGGF	MMAQNVSNYTKINQVNLSQIYGG	VNNWQTNVLEGGGAAITGWGLGVAACSATGVGAVWGPACGYIGAKFGVSLWAGVTGATGGF
UniRef100_UPI000254BE1F	MNTKMMSQFSVMDNEMLDRIEGGIFGVDDALFWAGLGTAICAASGVGAPFMGACGYIGAKFGVALWAGVTGATGGF	MNTKMMSQFSVMDNEMLDRIEGG	IFGVDDALFWAGLGTAICAASGVGAPFMGACGYIGAKFGVALWAGVTGATGGF
UniRef100_UPI000787D7B2	MNTNTLEQFENIEAEMLSNIEGGKNNWASNVLRLDGSISAGYALGAAICSGTVVATPACGYIGAKVIGSAWAAATSATGGF	MNTNTLEQFENIEAEMLSNIEGG	KNNWASNVLRLDGSISAGYALGAAICSGTVVATPACGYIGAKVIGSAWAAATSATGGF
UniRef100_UPI000669BBA1	MNTKMMSQFSVMDNEMLACVEGGGCNWGDFAKAGVGGAAVVAALGCAAGGVKYGKILGPWGAAIGGIGGAVVCGYLAYTATS	MNTKMMSQFSVMDNEMLACVEGG	GCNWGDFAKAGVGGAAVVAALGCAAGGVKYGKILGPWGAAIGGIGGAVVCGYLAYTATS
UniRef100_UPI00078866BD	MSEEFLTIDEAALGVITGGNKAGDVVISATGCAATGIKYEKSFGVWGAVVGGVGGAVICGGLTYAAN	MSEEFLTIDEAALGVITGG	NKAGDVVISATGCAATGIKYEKSFGVWGAVVGGVGGAVICGGLTYAAN
UniRef100_UPI0014795C30	MNTTINKVTELSVEQLGEIVGGKINWGSVAGHCIGGAVIGSFGGAAGVVSGCLVGGGATIIGAL	MNTTINKVTELSVEQLGEIVGG	KINWGSVAGHCIGGAVIGSFGGAAGVVSGCLVGGGATIIGAL
UniRef100_A0A368UAE9	MNTKTFEQFDVMTDEALSTVEGGGKGCCKPVYYAANGYSCRYSNGEWGYVVTKGAFQATTDVIANGWVSSLGGGYFGKP	MNTKTFEQFDVMTDEALSTVEGG	GKGCCKPVYYAANGYSCRYSNGEWGYVVTKGAFQATTDVIANGWVSSLGGGYFGKP
UniRef100_UPI00024DCEBC	MNTKCFEQFGVMNEVELSAVEGGGKGYCKPVYYAANGYSCRYSNGEWGYVVTKGVFQATTDVIANGWVSSLAGGYFGKP	MNTKCFEQFGVMNEVELSAVEGG	GKGYCKPVYYAANGYSCRYSNGEWGYVVTKGVFQATTDVIANGWVSSLAGGYFGKP
UniRef100_UPI000871549E	MNTKTFEQFDVMTEAELSTVEGGGKGYCKPVYYAANGYSCRYSNGEWGYVVTKGAFQATTDVIATGWVSSLGGAYGYATSWGRRP	MNTKTFEQFDVMTEAELSTVEGG	GKGYCKPVYYAANGYSCRYSNGEWGYVVTKGAFQATTDVIATGWVSSLGGAYGYATSWGRRP
UniRef100_A0A172QAG8	MTKIIKRIREQNLKTLEQFKTITDTQLSAMEGGGTGICKPVYYAANGYSCRYSNGEWGYVVTKGAFQATTDVIAIGWVSSLAGGYFAK	MTKIIKRIREQNLKTLEQFKTITDTQLSAMEGG	GTGICKPVYYAANGYSCRYSNGEWGYVVTKGAFQATTDVIAIGWVSSLAGGYFAK
UniRef100_A0A6N7WPG6	MVKTLEQFETLTSEQLATIEGGGKGICKPVYTGANGYSCRYSNGEWGYVVTKGNFQAATDVIATGWVSSLGGAYGYATSWGRRP	MVKTLEQFETLTSEQLATIEGG	GKGICKPVYTGANGYSCRYSNGEWGYVVTKGNFQAATDVIATGWVSSLGGAYGYATSWGRRP
UniRef100_UPI001BB00BEA	MNTKTIEQFNTLYDDKLGNIEGGGKGVCKFVMEGANGYSCRYPNGEWGYIVTKSNFEATKDVIVNGWISSLGGSYFLRGYRG	MNTKTIEQFNTLYDDKLGNIEGG	GKGVCKFVMEGANGYSCRYPNGEWGYIVTKSNFEATKDVIVNGWISSLGGSYFLRGYRG
UniRef100_A0A2X3T3S9	MNTTLMKQFEIIDTDKLAHVEGGGKGICKFVMAGSNGYACRYSNGEWGYIVTKSNFEATKDVIVNGWISSLGGGYFHPGYRG	MNTTLMKQFEIIDTDKLAHVEGG	GKGICKFVMAGSNGYACRYSNGEWGYIVTKSNFEATKDVIVNGWISSLGGGYFHPGYRG
UniRef100_A0A7X6MZB6	MNTTTMEQFNVLNADALATVEGGSKGDCKFVMAGANGYSCRYPDGKWAYIVTKSPFEATVDVMVNGWVSSLAGGYFHPGYRG	MNTTTMEQFNVLNADALATVEGG	SKGDCKFVMAGANGYSCRYPDGKWAYIVTKSPFEATVDVMVNGWVSSLAGGYFHPGYRG
UniRef100_A0A7X1VAB0	MDTKATEHFNTINSNSLATIKGGGKGVCKFVMEGANGYSCRYPNGEWGYIVTKSNFEATKDVIVNGWISSLGGSYFLRGYRG	MDTKATEHFNTINSNSLATIKGG	GKGVCKFVMEGANGYSCRYPNGEWGYIVTKSNFEATKDVIVNGWISSLGGSYFLRGYRG
UniRef100_UPI00201A6499	MNTKTFNTMNEEMLSRVEGGGKGICQFVMAGSNGYSCRYSNGEWGYIVTKSPLEATLGVMADGWVSSLGGGYFHPKYRG	MNTKTFNTMNEEMLSRVEGG	GKGICQFVMAGSNGYSCRYSNGEWGYIVTKSPLEATLGVMADGWVSSLGGGYFHPKYRG
UniRef100_A0A4U9XK68	MTKQLLEQASQISNEYLSLIRGGAKGTCNYVYPGSNGYACRYPNGEWGYIVTKSNFEATKDVVVNGWISSLGGGYFNPKYRG	MTKQLLEQASQISNEYLSLIRGG	AKGTCNYVYPGSNGYACRYPNGEWGYIVTKSNFEATKDVVVNGWISSLGGGYFNPKYRG
UniRef100_UPI0018F0F70A	MLTKLNSRTLTNISGGNSGTCKFIMEGANGYSCRYPNGKWDYIVTKGIFEATTNTITTGWAKSLGQGYYLPGYRG	MLTKLNSRTLTNISGG	NSGTCKFIMEGANGYSCRYPNGKWDYIVTKGIFEATTNTITTGWAKSLGQGYYLPGYRG
UniRef100_A0A1W5ZD37	MAAQTLNNFNSLDSEALSTVGGGRGICRYVWSGANGYSCRYPDGRWDYIVTKSPSQAVYDIAVHGWSGFYIAP	MAAQTLNNFNSLDSEALSTVGGG	RGICRYVWSGANGYSCRYPDGRWDYIVTKSPSQAVYDIAVHGWSGFYIAP
UniRef100_A0A7Z0LCD3	MEPKVISLSNLQTLVGGAGGTCKFVMAGANGYSCRYPNGQWDYIVTKSPIEATRDVVVNGWVSSMAGGYWSGRRP	MEPKVISLSNLQTLVGG	AGGTCKFVMAGANGYSCRYPNGQWDYIVTKSPIEATRDVVVNGWVSSMAGGYWSGRRP
UniRef100_A0A098CTC5	MEKLNYEVLSDKELQKIDGSGTPLFYGANGYLTRENGKYKYVVTKGPLEATLGVITNGWAGAAAGGFGLNRH	MEKLNYEVLSDKELQKIDGS	GTPLFYGANGYLTRENGKYKYVVTKGPLEATLGVITNGWAGAAAGGFGLNRH
UniRef100_A0A6C2C7A4	MVADDLNTVTGGQAIFNGANGYLTRDKNGRYKYVVTKGAADAVFGVISNGWGGAGAGFGRQH	MVADDLNTVTGG	QAIFNGANGYLTRDKNGRYKYVVTKGAADAVFGVISNGWGGAGAGFGRQH
UniRef100_UPI00209D8C2E	MVKYFNSLSSQELHLVSGGVKINGSNGYAWTDKHGHWHYTVTKGAVDTVFGIIGNGWGSAGASGRQH	MVKYFNSLSSQELHLVSGG	VKINGSNGYAWTDKHGHWHYTVTKGAVDTVFGIIGNGWGSAGASGRQH
UniRef100_S4DI07	MERTKGDNTMLNKKLLENGVVNAVTIDELDAQFGGMSKRDCNLMKACCAGQAVTYAIHSLLNRLGGDSSDPAGCNDIVRKYCK	MERTKGDNTMLNKKLLENGVVNAVTIDELDAQFGG	MSKRDCNLMKACCAGQAVTYAIHSLLNRLGGDSSDPAGCNDIVRKYCK
UniRef100_UPI00039DA9AB	MLNKELLNSGMVNSVTIEDLDDQFGGLSKQDCKLMSAACAGQAVTYVIHNLLNQMGGDSSDPDGCYAIVKKYC	MLNKELLNSGMVNSVTIEDLDDQFGG	LSKQDCKLMSAACAGQAVTYVIHNLLNQMGGDSSDPDGCYAIVKKYC
UniRef100_UPI001A97A51E	MINKKLFDSGIVNPVTIEDLDNQFGGPKRQCSLMKACCVGQAVTYVIHNPLNQMGRDSSDPEGCNAIVRKYC	MINKKLFDSGIVNPVTIEDLDNQFGG	PKRQCSLMKACCVGQAVTYVIHNPLNQMGRDSSDPEGCNAIVRKYC
UniRef100_UPI0020438D30	MENKNYTMLSDKDLQKIDGGIGGHLGNALNGLGTWAKMMNDRGFVNQWEVYANKGKINQYRPY	MENKNYTMLSDKDLQKIDGG	IGGHLGNALNGLGTWAKMMNDRGFVNQWEVYANKGKINQYRPY
UniRef100_A0A7L4WH14	MKLYSEKFKELSDEECRSLNGGHWIGDVLGAIGKLGKPVNPQQVVDQLNGKYPNRGPGSSCSPGGTGGTPNACNF	MKLYSEKFKELSDEECRSLNGG	HWIGDVLGAIGKLGKPVNPQQVVDQLNGKYPNRGPGSSCSPGGTGGTPNACNF
UniRef100_UPI0003603C1E	MNTKCFERFDVMTDAELSTVEGGGMEWIGDVLSAIGNAAHPVNPQQVVDQLNGKYPRRGPVRSCPPGGIGGTPNACNW	MNTKCFERFDVMTDAELSTVEGG	GMEWIGDVLSAIGNAAHPVNPQQVVDQLNGKYPRRGPVRSCPPGGIGGTPNACNW
UniRef100_A0A372KN17	MNTKTFEQFEFATLTDAELSTVKGGGMEWIGDILGAIGNAAHPVNPRQVVDQLNGKYPRRGPVRSCPPGGTGGTPNAC	MNTKTFEQFEFATLTDAELSTVKGG	GMEWIGDILGAIGNAAHPVNPRQVVDQLNGKYPRRGPVRSCPPGGTGGTPNAC
UniRef100_A0A081JF88	MNTKTFEQFDVMTDAELAKVEGGGMEWIGDVLGAIGNAAHPVNPRQVVDQLNGKYPRRGPVRSCHPGGTGGTPNAC	MNTKTFEQFDVMTDAELAKVEGG	GMEWIGDVLGAIGNAAHPVNPRQVVDQLNGKYPRRGPVRSCHPGGTGGTPNAC
UniRef100_A0A6N2YQ15	MNTKTFEQFDVMTEIQLAAVEGGGMEWIGDVLGAIGNAAHPVNPDQVVAQLNGKYPRRGPVHYCAPGGTGGTPNACN	MNTKTFEQFDVMTEIQLAAVEGG	GMEWIGDVLGAIGNAAHPVNPDQVVAQLNGKYPRRGPVHYCAPGGTGGTPNACN
UniRef100_UPI0004771049	MNTPTFEQFDVMTDAELSIVEGGGMEWIGDVLSAIGNAAHPVNPQQVINQLNGEYPRRGPVRSCPPGGTGGTPNAC	MNTPTFEQFDVMTDAELSIVEGG	GMEWIGDVLSAIGNAAHPVNPQQVINQLNGEYPRRGPVRSCPPGGTGGTPNAC
UniRef100_UPI000CF39A5E	MSTDAMKQFKSLSNEKLMNIAGGWSGWGDILQGLLGGFAPSPTVDQLNGKWPVRNPPKSCSPYGTGGTPNACNGF	MSTDAMKQFKSLSNEKLMNIAGG	WSGWGDILQGLLGGFAPSPTVDQLNGKWPVRNPPKSCSPYGTGGTPNACNGF
UniRef100_A0A0R1I7A7	MSKFKELSITELYKTSGGNFFGGSNGYSWRDKKGHWHYTVTSGVSSTVAQIIGNGWGSAGAPGVGQR	MSKFKELSITELYKTSGG	NFFGGSNGYSWRDKKGHWHYTVTSGVSSTVAQIIGNGWGSAGAPGVGQR
UniRef100_UPI00065AFC5A	MENFNSLSLNDLRSLTGGVRIYGSNGYAWTDKHGHWHYTVTKGAVDTVFGIIGNGWGSAGASGRQH	MENFNSLSLNDLRSLTGG	VRIYGSNGYAWTDKHGHWHYTVTKGAVDTVFGIIGNGWGSAGASGRQH
UniRef100_UPI0015E62207	MLNYTELNSKKLEYIIGGSGPLFYGANGYLYRDKRGNYHYAVTKGPLEAALGVIANGWVSSAGGGYFNSHR	MLNYTELNSKKLEYIIGG	SGPLFYGANGYLYRDKRGNYHYAVTKGPLEAALGVIANGWVSSAGGGYFNSHR
UniRef100_A0A8B3F3F2	MKNQLNFNIVSDEELAEVNGGSLQYVMSAGPYTWYKDTRTGKTICKQTIDTASYTFGVMAEGWGKHSTNKKELRFRVNEKKS	MKNQLNFNIVSDEELAEVNGG	SLQYVMSAGPYTWYKDTRTGKTICKQTIDTASYTFGVMAEGWGKHSTNKKELRFRVNEKKS
UniRef100_UPI0021AF1674	MKNPEHDLKPFKILSDKELAEVNGGSLQYVMSAGPYTWYKDTRTGKTICKQTIDTASYTFGVMAEGWGKTFH	MKNPEHDLKPFKILSDKELAEVNGG	SLQYVMSAGPYTWYKDTRTGKTICKQTIDTASYTFGVMAEGWGKTFH
UniRef100_UPI0003A60C29	MQNVKELSTKEMKQIIGGENDHRMPNELNRPNNLSKGGAKCGAAIAGGLFGIPKGPLAWGWVSKCIL	MQNVKELSTKEMKQIIGG	ENDHRMPNELNRPNNLSKGGAKCGAAIAGGLFGIPKGPLAWGWVSKCIL
UniRef100_UPI0001B0541C	MNTQAFEQFNVMDNETLSAIEGGGRGWNCAAGIALGAGQGYMATAGGTAFLGPYAIGTGAFGAIAGGIGGALNSCG	MNTQAFEQFNVMDNETLSAIEGG	GRGWNCAAGIALGAGQGYMATAGGTAFLGPYAIGTGAFGAIAGGIGGALNSCG
UniRef100_UPI00036BB325	MEKGYLSYEYTSIEQFNVMDNEALSAVEGGGRGWNCAAGIALGAGQGYMATAGGTAFLGPYAIGTGAFGAIAGGIGGALNSCG	MEKGYLSYEYTSIEQFNVMDNEALSAVEGG	GRGWNCAAGIALGAGQGYMATAGGTAFLGPYAIGTGAFGAIAGGIGGALNSCG
UniRef100_UPI0002777D42	MNTQVFEQFEVMDNEALSTVEGGGRGWDCAAGIALGAGQGYMTTAGGTAFLGPYAIGTGVFGALIGGAGGAMTSCG	MNTQVFEQFEVMDNEALSTVEGG	GRGWDCAAGIALGAGQGYMTTAGGTAFLGPYAIGTGVFGALIGGAGGAMTSCG
UniRef100_UPI00196123A9	MNTKTFEKFELLDYVQLSAVEGGGWFSCGGSIALGAAEGYMATAGGTIFLGPYALGTGAVGAVIGGIGGAFTC	MNTKTFEKFELLDYVQLSAVEGG	GWFSCGGSIALGAAEGYMATAGGTIFLGPYALGTGAVGAVIGGIGGAFTC
UniRef100_A0A380JU43	MNTTLMKQFEIIDTDKLAHIEGGKVNWGKVGVCAAGIAAGMGEGYMTTAGSTLFLGPYAVGTGAVGAVIGGIGGALTC	MNTTLMKQFEIIDTDKLAHIEGG	KVNWGKVGVCAAGIAAGMGEGYMTTAGSTLFLGPYAVGTGAVGAVIGGIGGALTC
UniRef100_A0A123T3Y2	MNTKTMEQFEVMSAVDLSAIEGGRIDWGRVGQCALSIGIGAGEAYMMTAGGTVFLGPYALGTGAVGAVIGGIGGAFTC	MNTKTMEQFEVMSAVDLSAIEGG	RIDWGRVGQCALSIGIGAGEAYMMTAGGTVFLGPYALGTGAVGAVIGGIGGAFTC
UniRef100_UPI0019172093	MNTLEDYSVLNSAQLIEVKGGRKVNWGKVGSCAAGIAFGAGEGYMATAGGTAFLGPYAFGTGAIGAVIGGVGGALTC	MNTLEDYSVLNSAQLIEVKGG	RKVNWGKVGSCAAGIAFGAGEGYMATAGGTAFLGPYAFGTGAIGAVIGGVGGALTC
UniRef100_UPI00066A9F53	MNTKMMSQFSVMDNEMLACVEGGDIDWGRTIACGAGIAYGALDGYATTYGSTFLLGPYAIGTGAIGAVLGGIGGALTC	MNTKMMSQFSVMDNEMLACVEGG	DIDWGRTIACGAGIAYGALDGYATTYGSTFLLGPYAIGTGAIGAVLGGIGGALTC
UniRef100_A0A380KA75	MNATMKQFEVMNEQQLVAVEGGKVNWGRIGMCALSVAAGAGQAYMSTAGGTAFLGPYAIGTGAIGAIIGGAGAAVNC	MNATMKQFEVMNEQQLVAVEGG	KVNWGRIGMCALSVAAGAGQAYMSTAGGTAFLGPYAIGTGAIGAIIGGAGAAVNC
UniRef100_UPI0019D0762D	MNTKMMSQFEIMDADMLACVEGGDIDWGRTISCAAGVAYGAMEGYATTYGSTFLLGPYAIGTGAIGAVLGGIGGALTC	MNTKMMSQFEIMDADMLACVEGG	DIDWGRTISCAAGVAYGAMEGYATTYGSTFLLGPYAIGTGAIGAVLGGIGGALTC
UniRef100_A0A5B0DJY8	MDTKVMSQFEVMDEDMLTAIEGGGIDWGKTASCAGSIAMGAMEGYGMAAGSTIFLGPFAIGTGAVGAVIGGIGGAFYCG	MDTKVMSQFEVMDEDMLTAIEGG	GIDWGKTASCAGSIAMGAMEGYGMAAGSTIFLGPFAIGTGAVGAVIGGIGGAFYCG
UniRef100_UPI001AEAC670	MTTQTISQFDVMDENMLAAVEGGGVDWGKAVSCAGSIAMGAMEGYGMAAGSTIYLGPFAIGTGAVGGIIGGIGGAFYCG	MTTQTISQFDVMDENMLAAVEGG	GVDWGKAVSCAGSIAMGAMEGYGMAAGSTIYLGPFAIGTGAVGGIIGGIGGAFYCG
UniRef100_A0A0Z8HPY8	MNTNFTNRFDVMTADMLLDIEGGKVDWKRVGQCALSIGIGASEAYMATAGGTMFLGPYAIGTGAVGAVIGGIGGSLTC	MNTNFTNRFDVMTADMLLDIEGG	KVDWKRVGQCALSIGIGASEAYMATAGGTMFLGPYAIGTGAVGAVIGGIGGSLTC
UniRef100_UPI0002C03035	MNTQAFEQFNVMDNEALSVVEGGGCSWKGADKAGFSGGVGGLIGAGGNPVGGVLGIAGGLAAYGGLVGGN	MNTQAFEQFNVMDNEALSVVEGG	GCSWKGADKAGFSGGVGGLIGAGGNPVGGVLGIAGGLAAYGGLVGGN
UniRef100_UPI00189A53FF	MNTQAFEQFNVMDNEALSAIEGGGCSWKGADKAGFSGGVGGLIGAGGNPVGGALGIAGGLAAYGATCWW	MNTQAFEQFNVMDNEALSAIEGG	GCSWKGADKAGFSGGVGGLIGAGGNPVGGALGIAGGLAAYGATCWW
UniRef100_A0A7X9LF15	MNTQAFERFDIMDNEALSTVEGGLSDCATGILGTGGLGAVGGPWGMVGGAMVGAAAFCF	MNTQAFERFDIMDNEALSTVEGG	LSDCATGILGTGGLGAVGGPWGMVGGAMVGAAAFCF
UniRef100_Q2MDB2	MENLQMLTEEELMEIEGGGWWNSWGKCVAGTIGGAGTGGLGGAAAGSAVPVIGTGIGGAIGGVSGGLTGAATFC	MENLQMLTEEELMEIEGG	GWWNSWGKCVAGTIGGAGTGGLGGAAAGSAVPVIGTGIGGAIGGVSGGLTGAATFC
UniRef100_A0A0J7D837	MENLQMLTEKELMEIEAGGWWNSWGKCAAGTLGGTGTGVLGGAAVGSSVPVIGTGIGAAVGGVSGALTGAASAC	MENLQMLTEKELMEIEAGG	WWNSWGKCAAGTLGGTGTGVLGGAAVGSSVPVIGTGIGAAVGGVSGALTGAASAC
UniRef100_A0A2A7YL93	MENLQMLTEKELMEIEAGGWWNSWGKCVAGTAGGAIGGGLAGAATGSAVPVIGTGIGAAAGGIGGGLTGAASAC	MENLQMLTEKELMEIEAGG	WWNSWGKCVAGTAGGAIGGGLAGAATGSAVPVIGTGIGAAAGGIGGGLTGAASAC
UniRef100_A0A7V1STI2	MKKLEIEQMQDINGGGWWSSWGKCAAGIVGGAGIGGLGGAAAGSAVPVLGTGAGAVVGVIAGGLSGAAAAC	MKKLEIEQMQDINGG	GWWSSWGKCAAGIVGGAGIGGLGGAAAGSAVPVLGTGAGAVVGVIAGGLSGAAAAC
UniRef100_A0A7X3G8C3	MDTMTVGYFDVLSEKDLLEIEGGNWVQCGLGTVGGALTGALAGSAVGTVTLPVVGTVSGAAVGFWGGGASGAATSCFP	MDTMTVGYFDVLSEKDLLEIEGG	NWVQCGLGTVGGALTGALAGSAVGTVTLPVVGTVSGAAVGFWGGGASGAATSCFP
UniRef100_UPI000884DA15	MNTKTFEQFDVMTEAELSNVEGGGLVKCGLGTVGGALTGGVAGAAVGTVTLPIFGTVSGTAAGFWGGAATGAATFC	MNTKTFEQFDVMTEAELSNVEGG	GLVKCGLGTVGGALTGGVAGAAVGTVTLPIFGTVSGTAAGFWGGAATGAATFC
UniRef100_UPI00135BAC75	MNTQIISQFEQLDIELLSAIEGGGWVKCGLGTVGGALTGGVAGAAVGTVTLPIVGTVSGTAAGFWGGAATGAATFC	MNTQIISQFEQLDIELLSAIEGG	GWVKCGLGTVGGALTGGVAGAAVGTVTLPIVGTVSGTAAGFWGGAATGAATFC
UniRef100_UPI0010F5DE5C	MDKIMFKELKDTELTNVTGGTAVGVAIGHLLAGVVHYYGKTASKIHKSPING	MDKIMFKELKDTELTNVTGG	TAVGVAIGHLLAGVVHYYGKTASKIHKSPING
UniRef100_D5T259	MQDVKYRELSEAELSVIAGGKSFWSWASDASSWLSGPQQPNSPLLKKKR	MQDVKYRELSEAELSVIAGG	KSFWSWASDASSWLSGPQQPNSPLLKKKR
UniRef100_C1FY57	MRKSISNFKALNEKELGAVNGGIWQWIVGGLGFLAGDAWSHSDQISSGIKKRKKKGYGY	MRKSISNFKALNEKELGAVNGG	IWQWIVGGLGFLAGDAWSHSDQISSGIKKRKKKGYGY
UniRef100_T5JST4	MRKGIDAFKALNEKELVTVNGGIWQWIVGGLGFLAGDAWSHSDQISNGIKKRKKKGYGY	MRKGIDAFKALNEKELVTVNGG	IWQWIVGGLGFLAGDAWSHSDQISNGIKKRKKKGYGY
UniRef100_L7ZAC8	MKNINNFQALQKNELSKVNGGSNNKFWTWAGYTYENWRISSRRAFNLRQRKNTMTHH	MKNINNFQALQKNELSKVNGG	SNNKFWTWAGYTYENWRISSRRAFNLRQRKNTMTHH
UniRef100_A0A0B6VH20	MDKLSKFESLSDANLSTIVGGSDKNNVFFQIGKRYVAPVLYWFGKGAEGIKG	MDKLSKFESLSDANLSTIVGG	SDKNNVFFQIGKRYVAPVLYWFGKGAEGIKG
UniRef100_UPI002043A0F1	MENKKFTILTDNELQIVNGSGKETLANGILRVYNSIWPNPTPIKHTPIHYSYMPPYNPYGNYR	MENKKFTILTDNELQIVNGS	GKETLANGILRVYNSIWPNPTPIKHTPIHYSYMPPYNPYGNYR
UniRef100_UPI001CC52AB6	MKALQEVEAMNDTQLAQVMGGSGEPLFYGANGYASRDSKGRWQYTVTKSPLQAAGGVVVNGWASAAAGGFGGIGFRR	MKALQEVEAMNDTQLAQVMGG	SGEPLFYGANGYASRDSKGRWQYTVTKSPLQAAGGVVVNGWASAAAGGFGGIGFRR
UniRef100_UPI000744D23F	MKLNENALSSLEEVTENELDTILGARKSGVINTVSHECNMNSWQFVFTCCA	MKLNENALSSLEEVTENELDTILGA	RKSGVINTVSHECNMNSWQFVFTCCA
UniRef100_A0A291KJB5	MKNLNLLEEVTEEELDTILGAGNGAIRTISHECHMNTWQFLFTCCS	MKNLNLLEEVTEEELDTILGA	GNGAIRTISHECHMNTWQFLFTCCS
UniRef100_Q50848	MTNAFQALDEVTDAELDAILGGGSGVIPTISHECHMNSFQFVFTCCS	MTNAFQALDEVTDAELDAILGG	GSGVIPTISHECHMNSFQFVFTCCS
UniRef100_A0A0M7BH60	MEKFEYSNLIQEVSDSELDEILGAGNGVIKTVSHECKMNTWQFLFTCCS	MEKFEYSNLIQEVSDSELDEILGA	GNGVIKTVSHECKMNTWQFLFTCCS
UniRef100_A0A239RF00	MKNTNIIDIKATEALQELSLEELDTIIGAKKGSGVVPTVSHDCHMNSWQFLFTCCS	MKNTNIIDIKATEALQELSLEELDTIIGA	KKGSGVVPTVSHDCHMNSWQFLFTCCS
UniRef100_UPI0011A24127	MKNLESLKELNLLEEVTEEELDEVLGGKKGKGVIKTLSKECKMNTWQFIGTCCS	MKNLESLKELNLLEEVTEEELDEVLGG	KKGKGVIKTLSKECKMNTWQFIGTCCS
UniRef100_A0A318AHG1	MKAINHEAATALQELTDNELDQILGADGVISTLTHECHMNSWQGLLTCCS	MKAINHEAATALQELTDNELDQILGA	DGVISTLTHECHMNSWQGLLTCCS
UniRef100_A0A5R1MAD6	MRTLTLNELDSVSGGASGRDIAMAIGTLSGQFVAGGIGAAAGGVAGGAIYDYASTHKPNPAMSPSGLGGTIKQKPEGIPSEAWNYAAGRLCMDLPLYFQTPVIT	MRTLTLNELDSVSGG	ASGRDIAMAIGTLSGQFVAGGIGAAAGGVAGGAIYDYASTHKPNPAMSPSGLGGTIKQKPEGIPSEAWNYAAGRLCMDLPLYFQTPVIT
UniRef100_UPI001D54D2BB	MKELTNKQLDMVSGAGGEIGREIAQGIGAGAGTFVGGTPGAITGGIAGGQVYDWAVTKTPDPAMSPSGLGGTLKQKPANLPSEAWNAAAGRECYWSPNNLNDICY	MKELTNKQLDMVSGAGG	EIGREIAQGIGAGAGTFVGGTPGAITGGIAGGQVYDWAVTKTPDPAMSPSGLGGTLKQKPANLPSEAWNAAAGRECYWSPNNLNDICY
UniRef100_UPI000A3AD925	MKILTTSQITTVSGAGGDIGREIAQGIGAGAGTYVGGTPGAIAGGIAAGQVYDWAATHTPDPALSPSGLGGTIRQKPASLPSEAWNAAAGRDCIWSPNNLNDVCY	MKILTTSQITTVSGAGG	DIGREIAQGIGAGAGTYVGGTPGAIAGGIAAGQVYDWAATHTPDPALSPSGLGGTIRQKPASLPSEAWNAAAGRDCIWSPNNLNDVCY
UniRef100_A0A736R819	MRELNEHEIKCAAGGQDYGREIAQGAGAAAGTFVAGGGGAIVGPIVAGMVYDWASNKTPDSALSPSGLGSTLKKKPEGLPSEAWNYAEGRMCNWSPNNLNDVCK	MRELNEHEIKCAAGG	QDYGREIAQGAGAAAGTFVAGGGGAIVGPIVAGMVYDWASNKTPDSALSPSGLGSTLKKKPEGLPSEAWNYAEGRMCNWSPNNLNDVCK
UniRef100_A0A5U2F8N5	MVELNVSELSGISGAGDINWVQAGRDVVTTGAAIAGGSFGAGLAGPVGAAVVGTAAASAAGALYDAAGNPPSKPENIPSDAWNYAEGRYCQWSDLNLNDVCK	MVELNVSELSGISGA	GDINWVQAGRDVVTTGAAIAGGSFGAGLAGPVGAAVVGTAAASAAGALYDAAGNPPSKPENIPSDAWNYAEGRYCQWSDLNLNDVCK
UniRef100_A0A377K8V8	MGFEGFWSGQAGKTEVKYDGVYMREITESQLRYISGAGGAPATSANAAGAAAIVGALAGIPGGPLGVVVGAVSAGLTTAIGSTVGSGSASFFCWWR	MGFEGFWSGQAGKTEVKYDGVYMREITESQLRYISGAGG	APATSANAAGAAAIVGALAGIPGGPLGVVVGAVSAGLTTAIGSTVGSGSASFFCWWR
UniRef100_UPI0021D12E6E	MREITASQLSYISGAGGAPATTANAVGAAAIVGALAGIPGGPVGMVGGAFVAGLTTAIGSTAGNSSSASSSAGGGS	MREITASQLSYISGAGG	APATTANAVGAAAIVGALAGIPGGPVGMVGGAFVAGLTTAIGSTAGNSSSASSSAGGGS
UniRef100_UPI00201303F0	MREITVSQLSYISVAGGAPTAPANAVGATAIVDALAGIPGGPVGGVTGAVAAGLTTTTGTAVGSGSASACGGS	MREITVSQLSYISVAGG	APTAPANAVGATAIVDALAGIPGGPVGGVTGAVAAGLTTTTGTAVGSGSASACGGS
UniRef100_A0A3G2FLU0	MKELTSSQLNYISGAGGAPATTANAVGVGAIAGAIGAIASSAAAGTPIGPPGMIIGAVMGGLSVAIGAGIGGPGSSGSASSAAGFGS	MKELTSSQLNYISGAGG	APATTANAVGVGAIAGAIGAIASSAAAGTPIGPPGMIIGAVMGGLSVAIGAGIGGPGSSGSASSAAGFGS
UniRef100_UPI001159AFAB	MRELTQSQLEYVFGAGGAPATVANATGMGIIIGSLGAIATGIVAGSPVGPGGMILGGILGGLSVAVGANTGSSGGATSGAGCGY	MRELTQSQLEYVFGAGG	APATVANATGMGIIIGSLGAIATGIVAGSPVGPGGMILGGILGGLSVAVGANTGSSGGATSGAGCGY
UniRef100_UPI001BD282F9	MKILDFKEIELVSGGGGAPASVGNAAGVAAIAGAIAGIPGGPAGVAIGAAIGAIGVAAGSTVPSGGGNTGSFDYDPRYDWPGTESRYNRFS	MKILDFKEIELVSGG	GGAPASVGNAAGVAAIAGAIAGIPGGPAGVAIGAAIGAIGVAAGSTVPSGGGNTGSFDYDPRYDWPGTESRYNRFS
UniRef100_UPI000839BE28	MEILNFGEISVVSGGDGGAPATVANAAGEMAIIGAIAGIPGGPYGVVAGALLGGLGVAIGSMPAPLPPRVCHIERGYQVCF	MEILNFGEISVVSGG	DGGAPATVANAAGEMAIIGAIAGIPGGPYGVVAGALLGGLGVAIGSMPAPLPPRVCHIERGYQVCF
UniRef100_UPI0005E63E4B	MEELNSVQVNLVAGGDGAPATLPNAVGTAVIVGAIMGIPAGPIGVMGGALGMGIGTAIGATASVGIAPAGDGLPMGMDPRCADREFIMNNHMLCN	MEELNSVQVNLVAGG	DGAPATLPNAVGTAVIVGAIMGIPAGPIGVMGGALGMGIGTAIGATASVGIAPAGDGLPMGMDPRCADREFIMNNHMLCN
UniRef100_UPI000907E1CF	MKALNFGEISVISGGDGGAPATVANAASEMVILGIIAGIPGGPYGMVAGGIIGGLGVAISSMPAPPPPHFCRIERGYQVCF	MKALNFGEISVISGG	DGGAPATVANAASEMVILGIIAGIPGGPYGMVAGGIIGGLGVAISSMPAPPPPHFCRIERGYQVCF
UniRef100_R2M7B6	MTNRKTLPKEELKKIKGGTPGGFDILSGGPHVAQDVLNAIKGFFK	MTNRKTLPKEELKKIKGG	TPGGFDILSGGPHVAQDVLNAIKGFFK
UniRef100_D2DXL1	MLKKKLVTKEEQKKIKGGTPGGFDYFTAGPHAAKGILNAIKNYFK	MLKKKLVTKEEQKKIKGG	TPGGFDYFTAGPHAAKGILNAIKNYFK
UniRef100_C2FBE4	MNSCKAKEHFNLNEEEKEMKQFDEQKMVNMSDEELLGFIGGDSIRDVSPTFNKIRRWFDGLFK	MNSCKAKEHFNLNEEEKEMKQFDEQKMVNMSDEELLGFIGG	DSIRDVSPTFNKIRRWFDGLFK
UniRef100_S2SPG2	MKHLDEQKMVSMSDKELSGFIGGDGFIREVSPTFNNIRRWFDGLF	MKHLDEQKMVSMSDKELSGFIGG	DGFIREVSPTFNNIRRWFDGLF
UniRef100_UPI00070DCF23	MRELDNKELYFVGGAGDPLADPNSQILRQVMANAAWGAAFGIRGGLPGMAVGMAGGVTQTVIQGAAAQMPVNVPIPKVPMGPTWNGSKG	MRELDNKELYFVGG	AGDPLADPNSQILRQVMANAAWGAAFGIRGGLPGMAVGMAGGVTQTVIQGAAAQMPVNVPIPKVPMGPTWNGSKG
UniRef100_A0A5U4CZP4	MRELDSKELNIVGGAGDPLTDPNSQIMRQIMAGAAWGATFGVRGGLPGMAVGMVGGVTQTVVQGAAAQMPVNVPIPKVPMGPTWNGSKG	MRELDSKELNIVGG	AGDPLTDPNSQIMRQIMAGAAWGATFGVRGGLPGMAVGMVGGVTQTVVQGAAAQMPVNVPIPKVPMGPTWNGSKG
UniRef100_UPI0020132B0F	MRKLNIKEMISVGGAGDPLTDRNSDLIRQMMINAGWGAAFGITGGFPGMAAGAVAGVTQTVVQGAVAQMPVHVPIPTVPMGPVWNGSKG	MRKLNIKEMISVGG	AGDPLTDRNSDLIRQMMINAGWGAAFGITGGFPGMAAGAVAGVTQTVVQGAVAQMPVHVPIPTVPMGPVWNGSKG
UniRef100_A0A5B7XGC6	MRKLNSKEMKLMGGAGDPLTDQNSQLIRQIMIGAGWGMMWGVPMGFPGMAAGAITATTQTVLQGAMSRMPVNVLIPRVPMGPTWNGSK	MRKLNSKEMKLMGG	AGDPLTDQNSQLIRQIMIGAGWGMMWGVPMGFPGMAAGAITATTQTVLQGAMSRMPVNVLIPRVPMGPTWNGSK
UniRef100_UPI001C94DCEF	MREIDESMLIHVSGAGNDQASSNKELLNTLGENMAWGAGFGAVGGIAGAAGGAVSGAVQTVVQEAVKHGPVSVPIPVVPMGPTWNGSGGGASPCALDKELAIARPQSC	MREIDESMLIHVSGA	GNDQASSNKELLNTLGENMAWGAGFGAVGGIAGAAGGAVSGAVQTVVQEAVKHGPVSVPIPVVPMGPTWNGSGGGASPCALDKELAIARPQSC
UniRef100_UPI0009358014	MKELSGAMLNAISGGTDPNTQLMNNLGNNMAWGAGLAAASGGGIVGAGVGAVGGAVQTVVQGAINHGPVNVPIPQVPMGPSWNGSAGGSRPSPSTSLSGPDYSN	MKELSGAMLNAISGG	TDPNTQLMNNLGNNMAWGAGLAAASGGGIVGAGVGAVGGAVQTVVQGAINHGPVNVPIPQVPMGPSWNGSAGGSRPSPSTSLSGPDYSN
UniRef100_A0A735G2K8	MRELDNKELNIVGGAGDPLTDPNSQIMRQIMAGAAQIPVNVPIPKVPMGPTWNGSKG	MRELDNKELNIVGG	AGDPLTDPNSQIMRQIMAGAAQIPVNVPIPKVPMGPTWNGSKG
UniRef100_UPI001787AB2B	MREISQRDLYQVLGAGNTDPNTQLLKDLANNMAWGAALGAKGGLGTAAVGAGGAAVQTVVQGLINHGPVSVPVPVLIGPSWNGSGSGSGYNSATSSANGGS	MREISQRDLYQVLGA	GNTDPNTQLLKDLANNMAWGAALGAKGGLGTAAVGAGGAAVQTVVQGLINHGPVSVPVPVLIGPSWNGSGSGSGYNSATSSANGGS
UniRef100_UPI002167B6C4	MKEISKQDLALVFGAGDPNDKLVKDLGENMAWGAAFGVRGGPAGMALGATAGALQTVGQGLINHGPVNVPVPVLMGPNWNGSGSNTPNNVNNRK	MKEISKQDLALVFGA	GDPNDKLVKDLGENMAWGAAFGVRGGPAGMALGATAGALQTVGQGLINHGPVNVPVPVLMGPNWNGSGSNTPNNVNNRK
UniRef100_A0A3N2EME9	MRELSQQDLVLAFGAGDANSQLISDMGNNAAWGAGLGAITGGGPGAAIGAVGGVVQTIGQGLIDHGPVSVPVPVMIGPSWNGSGGWSGAGFGSSSGGAGSAS	MRELSQQDLVLAFGA	GDANSQLISDMGNNAAWGAGLGAITGGGPGAAIGAVGGVVQTIGQGLIDHGPVSVPVPVMIGPSWNGSGGWSGAGFGSSSGGAGSAS
UniRef100_A0A2K1QCI6	MKEINHYLLTSVSGAAVDAANQEVIKQISTNMAYGAGWGAITGGAPGAVVGATGGALQTVIQGAINHGPVNVPIPKFPMGPVWIYGPAPLDWINQNVPK	MKEINHYLLTSVSGA	AVDAANQEVIKQISTNMAYGAGWGAITGGAPGAVVGATGGALQTVIQGAINHGPVNVPIPKFPMGPVWIYGPAPLDWINQNVPK
UniRef100_UPI0011A5EDB3	MKEITDNNILLQISGSDGADNSAIAGSFSNAVAWGAGVGFITGGPAGAMIGSSAAATQNVVQGAIKHGPVNVPIPQVPLGPTWNGSGNGTLPRGMDPRCVDREFIMSNPMSC	MKEITDNNILLQISGS	DGADNSAIAGSFSNAVAWGAGVGFITGGPAGAMIGSSAAATQNVVQGAIKHGPVNVPIPQVPLGPTWNGSGNGTLPRGMDPRCVDREFIMSNPMSC
UniRef100_E9K9Z1	MSKLVKTLTISEISKAQNNGGKPAWCWYTLAMCGAGYDSGTCDYMYSHCFGIKHHSSGSSSYHC	MSKLVKTLTISEISKAQNNGG	KPAWCWYTLAMCGAGYDSGTCDYMYSHCFGIKHHSSGSSSYHC
UniRef100_A0A385AG48	MYSIKYYYKEILDMQNTKELSVVELQQILGGKRASFGKCVVGAWGAGAAGLGAGVSGGLWGMAAGGIGGELAYMGANGCL	MYSIKYYYKEILDMQNTKELSVVELQQILGG	KRASFGKCVVGAWGAGAAGLGAGVSGGLWGMAAGGIGGELAYMGANGCL
UniRef100_A0A8D4IRK7	MQNTKELSVVELQQILGGKRASFGKCVVGAWGAGAAGLGAGVRGMAAGGIGGELAYMGANGCL	MQNTKELSVVELQQILGG	KRASFGKCVVGAWGAGAAGLGAGVRGMAAGGIGGELAYMGANGCL
UniRef100_A0A1Q8RFY0	MNTMAFEQFEAMDNQALAAVEGGFSDCATGILGTGGLGAVGGPWGIVGGAMVGAAAFCF	MNTMAFEQFEAMDNQALAAVEGG	FSDCATGILGTGGLGAVGGPWGIVGGAMVGAAAFCF
UniRef100_UPI00088E49D2	MNTKTFEQFDVMTEAELSTVEGGVSCFEGVIGVGGLGSTAGPWGLVGGVLVGAAAFCMK	MNTKTFEQFDVMTEAELSTVEGG	VSCFEGVIGVGGLGSTAGPWGLVGGVLVGAAAFCMK
UniRef100_UPI001C570009	MNTMVKQFEVMDEVMLSNIEGGVSCFEGIVGIGGLGAVAGPWGVLGGVLVGVASFCM	MNTMVKQFEVMDEVMLSNIEGG	VSCFEGIVGIGGLGAVAGPWGVLGGVLVGVASFCM
UniRef100_UPI002001C5D7	MKLKMMEQFEVMDEVMLSNIEGGVSCFEGVVGIGSLGAAAGPWGALGGVLVGYASFCM	MKLKMMEQFEVMDEVMLSNIEGG	VSCFEGVVGIGSLGAAAGPWGALGGVLVGYASFCM
UniRef100_UPI0021C9B76E	MMIDLPLLNFEDLDQNELLRIEGGVSCFEGVVGFGSLGASFGPWGMVGGGLIGAAAYCVN	MMIDLPLLNFEDLDQNELLRIEGG	VSCFEGVVGFGSLGASFGPWGMVGGGLIGAAAYCVN
UniRef100_G5JMJ7	MIKTLAFEQFEAVDNETLAIVKGGLSDCAQGTLATAALGAATGGGPWGAVGGGLVGVAAFCLW	MIKTLAFEQFEAVDNETLAIVKGG	LSDCAQGTLATAALGAATGGGPWGAVGGGLVGVAAFCLW
UniRef100_A0A1C7CGU3	MTTQTMNNFETLDLETLANVEGGGWVKCYAGTIGSALVGSAGGPVGYWGGALVGYATFC	MTTQTMNNFETLDLETLANVEGG	GWVKCYAGTIGSALVGSAGGPVGYWGGALVGYATFC
UniRef100_A0A822W5L9	MNTQTISQFELLDTELLATVEGGASGKCIAGVVVGALLGSVGGPWGSAAGGAVGAGFFC	MNTQTISQFELLDTELLATVEGG	ASGKCIAGVVVGALLGSVGGPWGSAAGGAVGAGFFC
UniRef100_UPI001BAC39DB	MATQTIENFNTLDLETLASVEGGGCSWGGAGGATVQGAIGGAIGGAIGGAFGGNVVLPVVGSVPGYLAGGVLGGAGGTVAYGATCWWS	MATQTIENFNTLDLETLASVEGG	GCSWGGAGGATVQGAIGGAIGGAIGGAFGGNVVLPVVGSVPGYLAGGVLGGAGGTVAYGATCWWS
UniRef100_A0A2X3UA47	MATQTIENFNTLDLETLASVEGGGCSWRGAGGAAAQGAIGGAIAGAFGGNVVLPVVGSVPGWVGGGALGGVGGTVAYGATCWWS	MATQTIENFNTLDLETLASVEGG	GCSWRGAGGAAAQGAIGGAIAGAFGGNVVLPVVGSVPGWVGGGALGGVGGTVAYGATCWWS
UniRef100_A0A2J9QFT5	MNTQIFEYFEILDNDRLSAVEGGGMIRCALGTAGSAGLGFVGGMGAGTVTLPVVGTVSGAALGGWSGAAVGAATFC	MNTQIFEYFEILDNDRLSAVEGG	GMIRCALGTAGSAGLGFVGGMGAGTVTLPVVGTVSGAALGGWSGAAVGAATFC
UniRef100_A0A3R9HIA3	MNAVLNQFEVMDDIKLSSVEGGGWVRCALGTAGSAGLGFLTGSGAGTFTFPIVGTISGGAIGGWSGGAVGIATFC	MNAVLNQFEVMDDIKLSSVEGG	GWVRCALGTAGSAGLGFLTGSGAGTFTFPIVGTISGGAIGGWSGGAVGIATFC
UniRef100_A0A6A8U5N7	MSLLFCWLSIYNTIIAFEKRLKNILKEVVTMTTQIINNFNSLNSEDLSIIEGGGVIGCVAGTAGSAGLGFLTGTSVGTVTFPIVGTVSGGAFGAWSGAGLGMATFCGV	MSLLFCWLSIYNTIIAFEKRLKNILKEVVTMTTQIINNFNSLNSEDLSIIEGG	GVIGCVAGTAGSAGLGFLTGTSVGTVTFPIVGTVSGGAFGAWSGAGLGMATFCGV
UniRef100_A0A3D0CNW2	MTTKIINNFNSLNSEDLSIIEGGGVIGCVAGTAGSDGLGFLTGTSVGTVTLPIVGTVSGGAFGAWSGAGVGMATFCGV	MTTKIINNFNSLNSEDLSIIEGG	GVIGCVAGTAGSDGLGFLTGTSVGTVTLPIVGTVSGGAFGAWSGAGVGMATFCGV
UniRef100_UPI00083E3F14	MNTQTNSQFELLDIELLETVEGGGWIKCGLGTVGGALTGGVVGSAAGTVTLPIFGTVSGAAAGFWGGAATGAATFC	MNTQTNSQFELLDIELLETVEGG	GWIKCGLGTVGGALTGGVVGSAAGTVTLPIFGTVSGAAAGFWGGAATGAATFC
UniRef100_A0A0T7K3Q7	MNTKMMEQFEIMDTDVLACIEGGGWIKCGLGVVGGALTGGVAGGAVGTVTLPIIGTVSGAAAGFWGGAATGAATFC	MNTKMMEQFEIMDTDVLACIEGG	GWIKCGLGVVGGALTGGVAGGAVGTVTLPIIGTVSGAAAGFWGGAATGAATFC
UniRef100_UPI0012DDC441	MNTKTMEQFELLDNDKLASIAGGGALQCVTGTLGSAGFGFLAGVSAGTVTIPFIGSVPGSAVGLWSGWSLGAATFCNR	MNTKTMEQFELLDNDKLASIAGG	GALQCVTGTLGSAGFGFLAGVSAGTVTIPFIGSVPGSAVGLWSGWSLGAATFCNR
UniRef100_A0A376H7R5	MNTQVIDKFEVLDKETLLRVEGGGWLKCGLGTVGGALTGGVAGAAVGTVTLPIIGTVSGSAAGFWGGAATGAATFC	MNTQVIDKFEVLDKETLLRVEGG	GWLKCGLGTVGGALTGGVAGAAVGTVTLPIIGTVSGSAAGFWGGAATGAATFC
UniRef100_A0A3R9JJ86	MNTKMMEQFEIMDADMLTCVEGGGWIKCGLGVVGGALTGGVAGSAVGTVTLPIIGTVSGAAVGFWGGAATGGAKYC	MNTKMMEQFEIMDADMLTCVEGG	GWIKCGLGVVGGALTGGVAGSAVGTVTLPIIGTVSGAAVGFWGGAATGGAKYC
UniRef100_UPI0015906BE3	MNTKMMEQFEIMDTDVLACIEGGGWIRCGLGVVGGAVTTGIAGSALGTVTLPIIGTVSGATVGFWGGAAAGAAKYC	MNTKMMEQFEIMDTDVLACIEGG	GWIRCGLGVVGGAVTTGIAGSALGTVTLPIIGTVSGATVGFWGGAAAGAAKYC
UniRef100_A0A5C5SDH9	MNTKAMGKFEVLETEQLAAVEGGGWVKCGLGVVGGALTGGVAGGAVGTVTLPIVGTVSGATAGFWGGAATGVATFC	MNTKAMGKFEVLETEQLAAVEGG	GWVKCGLGVVGGALTGGVAGGAVGTVTLPIVGTVSGATAGFWGGAATGVATFC
UniRef100_UPI0012DECDF8	MNTKTMEQFELLDNDKLASVAGGGALQCVTGTLGSAGLGFLAGASAGTVTIPFIGSVPGSAVGLWSGWSLGCSNVL	MNTKTMEQFELLDNDKLASVAGG	GALQCVTGTLGSAGLGFLAGASAGTVTIPFIGSVPGSAVGLWSGWSLGCSNVL
UniRef100_A0A7Z0RQR2	MTDVELIEVIGGNWVQCGLGTVGGALSGAVLGAGAGTVTLPVVGTVSGAAAGFWGGGATGAAHFCFNP	MTDVELIEVIGG	NWVQCGLGTVGGALSGAVLGAGAGTVTLPVVGTVSGAAAGFWGGGATGAAHFCFNP
UniRef100_G5JUW6	MNTLTFDQFDTMDNEALSSVEAGGVILGVTGAIAGGVGGFFAGGAAGGAVGTVTLPVVGTIAGATAGAIGGAITGAATLGISGASVNTWGPWI	MNTLTFDQFDTMDNEALSSVEAGG	VILGVTGAIAGGVGGFFAGGAAGGAVGTVTLPVVGTIAGATAGAIGGAITGAATLGISGASVNTWGPWI
UniRef100_UPI000B654818	MNTLTFDQFDTMDNEALSSVEAGGVILGVAGGAVGTVTLPVVGTIAGGTAGAIGGAITGAATLGISGASVNTWGPWI	MNTLTFDQFDTMDNEALSSVEAGG	VILGVAGGAVGTVTLPVVGTIAGGTAGAIGGAITGAATLGISGASVNTWGPWI
UniRef100_A0A4Y9F9Q7	MTDVELVEVIGGGWVQCGLGTVGGALTGAVAGAAVGTVTLPVIGTVSGSAVGFWGGGSAGAAKYCFN	MTDVELVEVIGG	GWVQCGLGTVGGALTGAVAGAAVGTVTLPVIGTVSGSAVGFWGGGSAGAAKYCFN
UniRef100_UPI0013EAEB20	MNSLAFEDFEVATTDSLSEIEAGGVLLGVLGAVGGGVGGFFTGGVAGAAAGTITLPIVGTISGAAAGAIGGAATGAVTGGLAGAGVNTWGKWI	MNSLAFEDFEVATTDSLSEIEAGG	VLLGVLGAVGGGVGGFFTGGVAGAAAGTITLPIVGTISGAAAGAIGGAATGAVTGGLAGAGVNTWGKWI
UniRef100_UPI0002B5D6A1	MNTHILEQFDVMDNEALSTVEGGGCSWKGAAKATVAGGIGGAFAGDVTVPIVGTVPGWAAGAGLGAAGYGATCWW	MNTHILEQFDVMDNEALSTVEGG	GCSWKGAAKATVAGGIGGAFAGDVTVPIVGTVPGWAAGAGLGAAGYGATCWW
UniRef100_A0A1L7LJH1	MNTLAFEQFETLDTESLSSVEAGGVILGVAGAIAGGVGGFLTGAVAGAAVGSVTVPVVGSIPGATAGAIGGAITGAATLGIAGAAVNNWGPWV	MNTLAFEQFETLDTESLSSVEAGG	VILGVAGAIAGGVGGFLTGAVAGAAVGSVTVPVVGSIPGATAGAIGGAITGAATLGIAGAAVNNWGPWV
UniRef100_J3A5N4	MNTLAFEQFETLDTESLSSVEAGGVILGVAGAIAGGVGGLFAGAAAGAAVGTVTVPLVGALPGATAGAIGGAVTGAATLGIAGAGVNTWGPWV	MNTLAFEQFETLDTESLSSVEAGG	VILGVAGAIAGGVGGLFAGAAAGAAVGTVTVPLVGALPGATAGAIGGAVTGAATLGIAGAGVNTWGPWV
UniRef100_A0A1L7LHC2	MNTQTFEQFDVMDNEALSAVEGGSKPGFGEFASALAICTGSGAMIGSAFPVVGTVGGAILGAQYCTAGWGVLRR	MNTQTFEQFDVMDNEALSAVEGG	SKPGFGEFASALAICTGSGAMIGSAFPVVGTVGGAILGAQYCTAGWGVLRR
UniRef100_UPI00066E7735	MNTQTLEQFKTLNAESLSTVEGGTNWVKCYAGTIGSAILGFGAMGPIGYWAGAGAGVGYASFC	MNTQTLEQFKTLNAESLSTVEGG	TNWVKCYAGTIGSAILGFGAMGPIGYWAGAGAGVGYASFC
UniRef100_UPI0010DAD2DB	METIMNFKELTSTDLEMIDGGKTNIAQCYAGTIGSAVLGFGTMGPLGYWAGAAVGYATFC	METIMNFKELTSTDLEMIDGG	KTNIAQCYAGTIGSAVLGFGTMGPLGYWAGAAVGYATFC
UniRef100_A0A6L3UY76	MNELFVEMNTEEMANIMGGKNWVKCYAGTIGSALLGSAGGPVGYWGGAMVGYATFC	MNELFVEMNTEEMANIMGG	KNWVKCYAGTIGSALLGSAGGPVGYWGGAMVGYATFC
UniRef100_A0A139NHC3	MTTQIVKKFETLDIETLSHVEGGVNWAACYAGTIGSALVGSAGGPVGYWGGALVGYATFCQ	MTTQIVKKFETLDIETLSHVEGG	VNWAACYAGTIGSALVGSAGGPVGYWGGALVGYATFCQ
UniRef100_A0A3E4XJZ3	MTTQKMNNFETLDLEALANVEGGGWVKCYAGTIGSALVGSAGGPVVYWGGALVGYATFG	MTTQKMNNFETLDLEALANVEGG	GWVKCYAGTIGSALVGSAGGPVVYWGGALVGYATFG
UniRef100_UPI002157607F	MKEQYKELTQQETMFVIGGKKKNVAKCYAGTLGHALVGSVAGPVGYWGGALIGYAKYCH	MKEQYKELTQQETMFVIGG	KKKNVAKCYAGTLGHALVGSVAGPVGYWGGALIGYAKYCH
UniRef100_A0A5M9DLP3	MENQYQVLTIDEMATIVGGKGKKKNWSKCYAGTIGSAMLGATGGPVTYIGGALVGYATFCQ	MENQYQVLTIDEMATIVGG	KGKKKNWSKCYAGTIGSAMLGATGGPVTYIGGALVGYATFCQ
